year,state,county,loan_average_app,income_average_app,count_app,value_app,fips,income_multiple,loan_avg_app_delta,income_average_app_delta,count_app_delta,value_app_delta,income_mult_delta
2000,49,015,73.85,45.3,323,23855,49015,2.03780353201,,,,,
2001,49,015,69.56,50.11,516,35893,49015,1.73518259828,-5.80907244414,10.6181015453,59.7523219814,0.504632152589,-14.8503488669
2002,49,015,75.47,52.22,528,39848,49015,1.80653963998,8.49626221967,4.21073637996,2.32558139535,0.110188616165,4.11236499095
2003,49,015,76.6,71.44,620,47490,49015,1.34028555431,1.49728368888,36.8058215243,17.4242424242,0.191778759285,-25.8092363629
2004,49,015,76.01,56.06,542,41196,49015,1.69483589012,-0.770234986945,-21.5285554311,-12.5806451613,-0.132533164877,26.4533430705
2005,49,015,84.08,54.21,517,43471,49015,1.93875668696,10.6170240758,-3.30003567606,-4.61254612546,0.0552238081367,14.3920009166
2006,49,015,87.81,59.17,439,38548,49015,1.85503633598,4.43625118934,9.14960339421,-15.087040619,-0.113247912401,-4.31824950187
2007,49,015,98.15,63.13,352,34549,49015,1.94341042294,11.7754242114,6.69258069968,-19.8177676538,-0.103740790703,4.76400840466
2008,49,015,118.86,68.16,1076,127888,49015,2.17979753521,21.100356597,7.96768572786,205.681818182,2.70164114736,12.1635198353
2009,49,015,122.82,68.98,294,36110,49015,2.22564511453,3.33165068147,1.20305164319,-72.6765799257,-0.717643563118,2.1032953095
2010,49,015,120.74,65.26,245,29582,49015,2.31267238737,-1.69353525484,-5.39286749783,-16.6666666667,-0.180780947106,3.91020438432
2011,49,015,118.19,73.18,205,24228,49015,2.01882344903,-2.11197614709,12.1360711002,-16.3265306122,-0.180988438916,-12.7060339349
2012,49,015,2.91,69.57,222,645,49015,0.0522854678741,-97.5378627633,-4.9330418147,8.29268292683,-0.973377909856,-97.4101020127
2013,49,015,107.7,68.72,237,25524,49015,1.95903667055,3601.03092784,-1.22179100187,6.75675675676,38.5720930233,3646.80910433
2014,49,015,117.68,65.33,167,19653,49015,2.25164549212,9.26648096565,-4.93306169965,-29.5358649789,-0.23001880583,14.9363626505
