year,state,county,loan_average_app,income_average_app,count_app,value_app,fips,income_multiple,loan_avg_app_delta,income_average_app_delta,count_app_delta,value_app_delta,income_mult_delta
2000,19,187,54.11,52.38,1467,79380,19187,1.29128484154,,,,,
2001,19,187,63.45,53.38,2175,138000,19187,1.48580929187,17.2611347256,1.90912562047,48.2617586912,0.738473167045,15.0644105831
2002,19,187,69.84,57.57,2217,154835,19187,1.51641479937,10.0709219858,7.84938179093,1.93103448276,0.121992753623,2.0598543617
2003,19,187,75.56,58.83,2737,206801,19187,1.60547339793,8.1901489118,2.18863991662,23.4551195309,0.335621790939,5.8729708117
2004,19,187,69.69,51.5,2049,142800,19187,1.69150485437,-7.76866066702,-12.4596294408,-25.1370113263,-0.309481095353,5.35863481474
2005,19,187,72.62,54.74,1803,130928,19187,1.65829375228,4.20433347683,6.29126213592,-12.0058565154,-0.083137254902,-1.9634056621
2006,19,187,74.24,57.67,1822,135265,19187,1.60915554014,2.23079041586,5.35257581293,1.05379922352,0.0331250763779,-2.9631789949
2007,19,187,79.71,60.28,1464,116693,19187,1.6529114134,7.36799568966,4.52574995665,-19.6487376509,-0.137300853879,2.71918233946
2008,19,187,84.52,68.82,3660,309344,19187,1.53516419645,6.03437460795,14.1672196417,150.0,1.65092164911,-7.12362537972
2009,19,187,94.77,74.77,1056,100082,19187,1.58435870001,12.1273071462,8.64574251671,-71.1475409836,-0.676470207924,3.20451087072
2010,19,187,99.75,81.61,986,98350,19187,1.52784585222,5.25482747705,9.14805403237,-6.62878787879,-0.0173058092364,-3.56692255289
2011,19,187,90.32,75.29,757,68374,19187,1.49953513083,-9.45363408521,-7.74414900135,-23.2251521298,-0.30478901881,-1.85298283563
2012,19,187,2.86,78.35,1042,2985,19187,0.0456285896618,-96.8334809566,4.06428476557,37.6486129458,-0.956343054377,-96.9571510048
2013,19,187,93.67,75.83,824,77181,19187,1.54407886061,3175.17482517,-3.21633694959,-20.9213051823,24.856281407,3284.01618822
2014,19,187,101.19,77.92,579,58591,19187,1.62329953799,8.02818405039,2.75616510616,-29.7330097087,-0.240862388412,5.13061083857
