year,state,county,loan_average_app,income_average_app,count_app,value_app,fips,income_multiple,loan_avg_app_delta,income_average_app_delta,count_app_delta,value_app_delta,income_mult_delta
2000,37,167,86.05,53.99,2538,218401,37167,1.9922670865,,,,,
2001,37,167,89.67,57.53,2933,262993,37167,1.94833130541,4.20685647879,6.55676977218,15.5634357762,0.204174889309,-2.20531581279
2002,37,167,93.74,57.87,2910,272776,37167,2.0247969587,4.53886472622,0.590996002086,-0.784180020457,0.0371987087109,3.92467405736
2003,37,167,102.74,60.86,3276,336578,37167,2.110170884,9.60102410924,5.16675306722,12.5773195876,0.233898876734,4.21641907988
2004,37,167,96.24,60.52,2856,274860,37167,1.98777263714,-6.3266497956,-0.558659217877,-12.8205128205,-0.183369085323,-5.80039501917
2005,37,167,97.98,60.69,3023,296182,37167,2.01804251112,1.80798004988,0.280898876404,5.84733893557,0.0775740376919,1.52280363517
2006,37,167,102.65,68.86,3033,311349,37167,1.8633822248,4.76627883241,13.4618553304,0.330797221303,0.0512083786321,-7.66387652717
2007,37,167,120.23,71.1,2709,325695,37167,2.11374824191,17.1261568436,3.25297705489,-10.6824925816,0.0460769104767,13.4361063327
2008,37,167,133.74,71.67,6224,832416,37167,2.33256592717,11.2367961407,0.801687763713,129.752676264,1.55581448902,10.352116724
2009,37,167,139.82,74.56,1142,159680,37167,2.34408530043,4.54613429041,4.03237058741,-81.6516709512,-0.808172836659,0.493849847022
2010,37,167,141.49,80.5,1039,147004,37167,2.19704968944,1.19439279073,7.96673819742,-9.01926444834,-0.0793837675351,-6.27262203134
2011,37,167,131.97,78.32,892,117715,37167,2.10626276813,-6.72839069899,-2.70807453416,-14.1482194418,-0.199239476477,-4.13221975573
2012,37,167,2.97,73.86,993,2946,37167,0.0502640129976,-97.7494885201,-5.69458631256,11.3228699552,-0.974973452831,-97.6135924844
2013,37,167,127.0,87.07,1166,148081,37167,1.82324566441,4176.09427609,17.8851881939,17.4219536757,49.2651052274,3527.33804103
2014,37,167,125.13,67.73,1227,153531,37167,2.30935331463,-1.47244094488,-22.2120133226,5.23156089194,0.0368041814953,26.661664948
