year,state,county,loan_average_app,income_average_app,count_app,value_app,fips,income_multiple,loan_avg_app_delta,income_average_app_delta,count_app_delta,value_app_delta,income_mult_delta
2000,26,067,73.57,48.58,3438,252918,26067,1.89301152738,,,,,
2001,26,067,85.98,55.24,5236,450175,26067,1.94560101376,16.8682887046,13.7093454096,52.2978475858,0.779924718684,2.77808590281
2002,26,067,93.09,56.16,5926,551652,26067,2.07198183761,8.2693649686,1.66545981173,13.1779984721,0.225416782362,6.49572152538
2003,26,067,100.06,58.27,7144,714816,26067,2.14647331388,7.48737780642,3.75712250712,20.5534930813,0.295773422375,3.59517998299
2004,26,067,105.08,58.34,5416,569108,26067,2.25145697635,5.01698980612,0.120130427321,-24.1881298992,-0.203839869281,4.89098381903
2005,26,067,107.27,59.84,5839,626333,26067,2.24076704545,2.0841263799,2.57113472746,7.81019202363,0.100552092046,-0.474800584836
2006,26,067,114.84,58.72,4747,545159,26067,2.44465258856,7.05695907523,-1.87165775401,-18.7018325056,-0.129601984887,9.09891742271
2007,26,067,109.22,63.15,3585,391542,26067,2.16191607284,-4.89376523859,7.54427792916,-24.4786180746,-0.281783846548,-11.5655090231
2008,26,067,110.66,63.39,7140,790088,26067,2.18212651838,1.31843984618,0.380047505938,99.1631799163,1.01788824698,0.934839506017
2009,26,067,113.12,67.08,2079,235185,26067,2.10793082886,2.22302548346,5.82110743019,-70.8823529412,-0.702330626462,-3.40015525646
2010,26,067,107.3,70.69,1699,182308,26067,1.89736879332,-5.14497878359,5.38163387001,-18.278018278,-0.224831515615,-9.98903913995
2011,26,067,104.51,67.23,1290,134822,26067,1.94314294214,-2.60018639329,-4.89461027019,-24.0729841083,-0.260471290344,2.41250667646
2012,26,067,2.94,75.75,1828,5368,26067,0.0485148514851,-97.1868720697,12.6729138777,41.7054263566,-0.960184539615,-97.5032793299
2013,26,067,107.0,74.4,1609,172164,26067,1.79771505376,3539.45578231,-1.78217821782,-11.9803063457,31.0722801788,3605.49429449
2014,26,067,109.06,74.12,1167,127268,26067,1.83924716676,1.92523364486,-0.376344086022,-27.4704785581,-0.260774610255,2.31027230407
