year,state,county,loan_average_app,income_average_app,count_app,value_app,fips,income_multiple,loan_avg_app_delta,income_average_app_delta,count_app_delta,value_app_delta,income_mult_delta
2000,48,213,60.96,60.83,3488,212641,48213,1.25267137925,,,,,
2001,48,213,76.51,74.79,3948,302057,48213,1.27874715871,25.5085301837,22.949202696,13.1880733945,0.420502160919,2.0816137328
2002,48,213,90.15,89.62,3755,338517,48213,1.25739232314,17.8277349366,19.8288541249,-4.88855116515,0.120705694621,-1.66998107667
2003,48,213,100.7,94.62,4909,494352,48213,1.33032128514,11.7027176927,5.5791118054,30.7323568575,0.460346156914,5.80001648301
2004,48,213,97.53,91.64,4250,414482,48213,1.33034155391,-3.14796425025,-3.14943986472,-13.4243226726,-0.161565038677,0.00152359931809
2005,48,213,106.94,102.38,4399,470445,48213,1.30567493651,9.64831333949,11.7197730249,3.50588235294,0.135019132315,-1.85415672563
2006,48,213,113.22,113.55,4063,460019,48213,1.2463672391,5.87245184215,10.9103340496,-7.63809956808,-0.0221619955574,-4.54230189696
2007,48,213,131.89,117.56,3493,460695,48213,1.40236900306,16.4900194312,3.53148392779,-14.0290425794,0.00146950452047,12.5165167269
2008,48,213,142.94,125.14,9148,1307596,48213,1.42780086303,8.3781939495,6.4477713508,161.895219009,1.83831168126,1.81349273377
2009,48,213,159.64,139.51,2490,397508,48213,1.43036341481,11.6832237302,11.4831388844,-72.7809357237,-0.696000905478,0.179475432598
2010,48,213,153.78,136.56,2384,366623,48213,1.40762302285,-3.67075920822,-2.1145437603,-4.25702811245,-0.0776965495034,-1.58983316592
2011,48,213,161.59,139.56,2146,346778,48213,1.44731656635,5.07868383405,2.19683655536,-9.98322147651,-0.0541291735652,2.81989871294
2012,48,213,2.92,148.55,2280,6650,48213,0.0245708515651,-98.192957485,6.44167383204,6.24417520969,-0.98082346631,-98.3023167055
2013,48,213,144.57,128.08,2288,330770,48213,1.41093457214,4851.02739726,-13.7798720969,0.350877192982,48.7398496241,5642.31042991
2014,48,213,131.04,107.27,1734,227224,48213,1.52698797427,-9.35878813032,-16.2476577139,-24.2132867133,-0.313045318499,8.22528587927
