year,state,county,loan_average_app,income_average_app,count_app,value_app,fips,income_multiple,loan_avg_app_delta,income_average_app_delta,count_app_delta,value_app_delta,income_mult_delta
2000,47,035,60.68,43.29,2637,160004,47035,1.75213675214,,,,,
2001,47,035,71.67,46.0,3151,225844,47035,1.94755434783,18.111404087,6.26010626011,19.4918467956,0.411489712757,11.1531018028
2002,47,035,81.84,47.76,3539,289644,47035,2.14195979899,14.1900376727,3.82608695652,12.3135512536,0.282495882113,9.98202958423
2003,47,035,89.78,51.46,4179,375194,47035,2.18082005441,9.7018572825,7.74706867672,18.0842045776,0.295362583033,1.81423831738
2004,47,035,89.47,52.72,3438,307614,47035,2.12134863429,-0.345288482958,2.44850369219,-17.7315147164,-0.180120151175,-2.7270209661
2005,47,035,100.77,62.06,3561,358831,47035,2.02968901063,12.6299318207,17.7162367223,3.57766143106,0.166497623645,-4.32081847263
2006,47,035,106.52,61.79,3187,339477,47035,2.15487943033,5.70606331249,-0.435062842411,-10.5026677899,-0.0539362541141,6.16796065987
2007,47,035,128.58,63.93,2891,371730,47035,2.5140778977,20.7097258731,3.4633435831,-9.28773140885,0.0950079092251,16.6690749522
2008,47,035,137.82,68.97,7264,1001128,47035,2.49782514137,7.18618758749,7.88362271234,151.262538914,1.69315901326,-0.646469878665
2009,47,035,138.57,64.45,2319,321353,47035,2.6875484872,0.544188071397,-6.55357401769,-68.0754405286,-0.67900907776,7.59554152497
2010,47,035,136.38,68.08,1849,252161,47035,2.50403936545,-1.58042866421,5.63227307991,-20.2673566192,-0.21531462286,-6.8281231993
2011,47,035,131.6,67.3,1518,199762,47035,2.44427934621,-3.5049127438,-1.14571092832,-17.9015684154,-0.207799778713,-2.38654471914
2012,47,035,2.95,68.4,1975,5826,47035,0.0539108187135,-97.7583586626,1.63447251114,30.1054018445,-0.970835294,-97.7944084502
2013,47,035,118.38,67.39,1610,190594,47035,2.19580056388,3912.88135593,-1.47660818713,-18.4810126582,31.7143837968,3973.02396121
2014,47,035,115.43,63.27,1071,123625,47035,2.2805041884,-2.49197499578,-6.11366671613,-33.4782608696,-0.3513699277,3.85752813394
