year,state,county,loan_average_app,income_average_app,count_app,value_app,fips,income_multiple,loan_avg_app_delta,income_average_app_delta,count_app_delta,value_app_delta,income_mult_delta
2000,27,055,74.01,54.22,693,51289,27055,1.70624308373,,,,,
2001,27,055,87.59,59.47,1354,118595,27055,1.8410543131,18.3488717741,9.68277388418,95.3823953824,1.31228918482,7.90105645857
2002,27,055,95.08,60.04,1541,146524,27055,1.97951365756,8.5512044754,0.958466453674,13.8109305761,0.235498967073,7.52065506582
2003,27,055,102.58,63.08,1999,205064,27055,2.03273620799,7.88809423643,5.06329113924,29.7209604153,0.399524992493,2.68866800817
2004,27,055,105.31,59.71,1182,124480,27055,2.20461396751,2.66133749269,-5.34242232086,-40.8704352176,-0.39296999961,8.45548767441
2005,27,055,113.09,63.61,1095,123834,27055,2.22233139443,7.38771246795,6.53156925138,-7.36040609137,-0.00518958868895,0.803652121701
2006,27,055,114.04,65.61,975,111192,27055,2.17268709038,0.840038907065,3.14415972331,-10.9589041096,-0.102088279471,-2.23388393723
2007,27,055,120.37,65.63,814,97979,27055,2.29258723145,5.55068397054,0.0304831580552,-16.5128205128,-0.118830491402,5.51851859374
2008,27,055,129.6,83.23,2864,371164,27055,1.94641355281,7.66802359392,26.8170044187,251.842751843,2.78819951214,-15.0996949601
2009,27,055,136.63,80.18,1031,140862,27055,2.13005113495,5.42438271605,-3.6645440346,-64.001396648,-0.620485822979,9.43466417382
2010,27,055,133.63,78.0,980,130959,27055,2.14150641026,-2.19571104443,-2.71888251434,-4.94665373424,-0.0703028495975,0.537793441768
2011,27,055,133.97,76.73,828,110925,27055,2.18249055128,0.254433884607,-1.62820512821,-15.5102040816,-0.152979176689,1.91379959598
2012,27,055,2.87,78.64,936,2686,27055,0.0456192777213,-97.8577293424,2.48924801251,13.0434782609,-0.975785440613,-97.9097605855
2013,27,055,139.28,84.63,797,111010,27055,2.05719012171,4752.96167247,7.61698880977,-14.8504273504,40.3291139241,4409.47543334
2014,27,055,152.38,99.8,427,65068,27055,1.90856713427,9.40551407237,17.925085667,-46.4240903388,-0.413854607693,-7.22456256568
