year,state,county,loan_average_app,income_average_app,count_app,value_app,fips,income_multiple,loan_avg_app_delta,income_average_app_delta,count_app_delta,value_app_delta,income_mult_delta
2000,48,005,52.31,50.45,2363,123599,48005,1.2960852329,,,,,
2001,48,005,60.96,65.17,2187,133318,48005,1.16924965475,16.5360351749,29.1774033697,-7.44815911976,0.0786333222761,-9.78605225449
2002,48,005,67.08,67.37,2042,136976,48005,1.24461926674,10.0393700787,3.37578640479,-6.630086877,0.0274381553879,6.44598111966
2003,48,005,76.15,77.14,2849,216949,48005,1.23395773918,13.5211687537,14.5020038593,39.5200783546,0.58384680528,-0.856609554854
2004,48,005,75.86,71.85,2859,216892,48005,1.31976339596,-0.380827314511,-6.85766139487,0.351000351,-0.000262734559735,6.95369493331
2005,48,005,82.87,69.73,2713,224835,48005,1.48555141259,9.24070656472,-2.95059151009,-5.10668065757,0.0366219132103,12.5619499021
2006,48,005,82.6,71.25,2376,196269,48005,1.44912280702,-0.325811512007,2.17983651226,-12.4216734243,-0.127053172326,-2.45219419975
2007,48,005,97.3,79.28,2057,200150,48005,1.53411957619,17.7966101695,11.2701754386,-13.4259259259,0.0197738817643,5.86539448255
2008,48,005,105.56,87.99,4884,515552,48005,1.49960222753,8.48920863309,10.9863773966,137.43315508,1.5758281289,-2.24997771984
2009,48,005,110.88,91.89,1028,113982,48005,1.5083251714,5.03978779841,4.43232185476,-78.9516789517,-0.778912699398,0.58168384353
2010,48,005,121.93,98.09,1156,140956,48005,1.55380263024,9.96572871573,6.74719773642,12.4513618677,0.236651401098,3.01509645925
2011,48,005,111.88,90.38,1298,145217,48005,1.54735560965,-8.24243418355,-7.86012845346,12.2837370242,0.0302292914101,-0.414918887632
2012,48,005,2.87,87.35,1475,4228,48005,0.041070406411,-97.4347515195,-3.35251161761,13.6363636364,-0.970884951486,-97.3457680862
2013,48,005,107.76,90.92,1630,175644,48005,1.48152221733,3654.70383275,4.08700629651,10.5084745763,40.5430463576,3507.27430478
2014,48,005,112.73,91.93,1386,156247,48005,1.53282388774,4.61210096511,1.110866696,-14.9693251534,-0.110433604336,3.46276753777
