year,state,county,loan_average_app,income_average_app,count_app,value_app,fips,income_multiple,loan_avg_app_delta,income_average_app_delta,count_app_delta,value_app_delta,income_mult_delta
2000,48,281,61.76,56.9,478,29520,48281,1.35676625659,,,,,
2001,48,281,71.5,61.9,673,48122,48281,1.44386106624,15.7707253886,8.78734622144,40.7949790795,0.630149051491,6.41929361246
2002,48,281,75.65,67.16,660,49931,48281,1.40801816557,5.8041958042,8.49757673667,-1.93164933135,0.0375919537841,-2.48243418285
2003,48,281,82.6,65.4,1003,82848,48281,1.57874617737,9.18704560476,-2.62060750447,51.9696969697,0.659249764675,12.1254125813
2004,48,281,87.03,68.19,996,86683,48281,1.59535855697,5.36319612591,4.26605504587,-0.697906281157,0.0462895905755,1.0522514538
2005,48,281,96.25,74.89,1029,99041,48281,1.60652290025,10.5940480294,9.82548760815,3.31325301205,0.14256543959,0.69980151056
2006,48,281,96.1,72.18,1022,98218,48281,1.66424217235,-0.155844155844,-3.61864067299,-0.680272108844,-0.00830968992639,3.59280730353
2007,48,281,115.3,81.55,869,100192,48281,1.76732066217,19.9791883455,12.9814353006,-14.9706457926,0.0200981490155,6.19371937187
2008,48,281,106.8,77.08,2236,238812,48281,1.73196678775,-7.37207285343,-5.48129981606,157.307249712,1.3835435963,-2.00042217432
2009,48,281,126.84,87.34,485,61519,48281,1.81531944126,18.7640449438,13.3108458744,-78.3094812165,-0.742395692009,4.81260114804
2010,48,281,126.2,92.43,406,51239,48281,1.70669695986,-0.504572690003,5.82779940463,-16.2886597938,-0.167102846275,-5.98365659142
2011,48,281,119.8,83.28,397,47559,48281,1.79815081652,-5.07131537242,-9.8993833171,-2.21674876847,-0.0718202931361,5.35852930027
2012,48,281,2.92,82.8,369,1078,48281,0.0440821256039,-97.5626043406,-0.576368876081,-7.05289672544,-0.977333417439,-97.5484745107
2013,48,281,116.65,95.44,428,49925,48281,1.52779233026,3894.8630137,15.2657004831,15.9891598916,45.3126159555,3365.78643686
2014,48,281,125.59,85.59,319,40064,48281,1.83418039491,7.66395199314,-10.320620285,-25.4672897196,-0.197516274412,20.0543004817
