year,state,county,loan_average_app,income_average_app,count_app,value_app,fips,income_multiple,loan_avg_app_delta,income_average_app_delta,count_app_delta,value_app_delta,income_mult_delta
2000,31,043,62.23,51.08,692,43064,31043,1.52285630384,,,,,
2001,31,043,73.8,53.65,1096,80884,31043,1.71947809879,18.5923188173,5.03132341425,58.3815028902,0.87822775404,12.9113820165
2002,31,043,75.74,56.85,930,70438,31043,1.66534740545,2.62872628726,5.96458527493,-15.1459854015,-0.129147915533,-3.14808856092
2003,31,043,83.59,57.32,1293,108085,31043,1.822880321,10.3644045419,0.826737027265,39.0322580645,0.534470030381,9.45946263441
2004,31,043,80.93,55.99,1006,81415,31043,1.8067958564,-3.18219882761,-2.32030704815,-22.1964423821,-0.246750242864,-0.88236536522
2005,31,043,85.32,55.81,1021,87113,31043,1.91094785881,5.42444087483,-0.321485979639,1.49105367793,0.0699871031137,5.76445878125
2006,31,043,83.9,55.39,868,72827,31043,1.89339230908,-1.6643225504,-0.752553305859,-14.9853085211,-0.16399389299,-0.91868282249
2007,31,043,90.86,61.51,891,80955,31043,1.84644773208,8.29558998808,11.0489257989,2.64976958525,0.111606958958,-2.47938986442
2008,31,043,92.0,64.68,2340,215276,31043,1.77798392084,1.25467752586,5.15363355552,162.626262626,1.65920573158,-3.70786619332
2009,31,043,98.34,63.9,582,57233,31043,1.92370892019,6.89130434783,-1.20593692022,-75.1282051282,-0.734141288393,8.19608083282
2010,31,043,96.47,64.34,539,51995,31043,1.87422287846,-1.90156599553,0.688575899844,-7.3883161512,-0.0915206262122,-2.57242877081
2011,31,043,94.15,66.04,438,41236,31043,1.78206390067,-2.40489271276,2.64221324215,-18.7384044527,-0.206923742668,-4.91718348181
2012,31,043,2.96,66.05,599,1774,31043,0.0560181680545,-96.8560807223,0.015142337977,36.7579908676,-0.956979338442,-96.8565567131
2013,31,043,97.04,83.18,548,53180,31043,1.45828324116,3178.37837838,25.9348978047,-8.5141903172,28.9774520857,2503.23265078
2014,31,043,97.69,66.88,422,41227,31043,1.82584479665,0.669826875515,-19.5960567444,-22.9927007299,-0.224764949229,25.2050867151
