year,state,county,loan_average_app,income_average_app,count_app,value_app,fips,income_multiple,loan_avg_app_delta,income_average_app_delta,count_app_delta,value_app_delta,income_mult_delta
2000,17,095,51.65,48.1,1826,94308,17095,1.34225571726,,,,,
2001,17,095,65.42,60.68,2561,167544,17095,1.34764337508,26.6602129719,26.1538461538,40.2519167579,0.77656190355,0.401388331405
2002,17,095,67.55,58.17,2502,169014,17095,1.45156438026,3.25588505044,-4.1364535267,-2.30378758298,0.00877381463974,7.71131347535
2003,17,095,69.95,65.55,3056,213756,17095,1.33390541571,3.55292376018,12.6869520371,22.1422861711,0.264723632362,-8.1056662833
2004,17,095,68.33,58.0,2382,162758,17095,1.47262931034,-2.31593995711,-11.5179252479,-22.054973822,-0.238580437508,10.3998299278
2005,17,095,74.59,60.24,2352,175428,17095,1.54776726428,9.16142250842,3.86206896552,-1.25944584383,0.077845635852,5.10229922789
2006,17,095,77.86,66.04,2104,163824,17095,1.47372804361,4.38396567905,9.62815405046,-10.5442176871,-0.0661467952664,-4.78361458956
2007,17,095,79.12,63.48,1800,142415,17095,1.55797101449,1.61828923709,-3.87643852211,-14.4486692015,-0.13068292802,5.71631728446
2008,17,095,84.96,71.09,4748,403396,17095,1.49388099592,7.38119312437,11.9880277253,163.777777778,1.8325387073,-4.113684913
2009,17,095,98.49,89.43,1203,118481,17095,1.37663535726,15.9251412429,25.7982838655,-74.6630160067,-0.706291088657,-7.84839213955
2010,17,095,95.08,95.21,1179,112103,17095,1.24829324651,-3.46228043456,6.46315554065,-1.99501246883,-0.0538314160076,-9.3228835129
2011,17,095,87.39,85.0,985,86075,17095,1.28514705882,-8.08792595709,-10.7236634807,-16.4546225615,-0.232179335076,2.95233611324
2012,17,095,2.89,91.71,1102,3188,17095,0.0393904699597,-96.6929854674,7.89411764706,11.8781725888,-0.962962532675,-96.9349445506
2013,17,095,83.85,80.82,1276,106998,17095,1.29686340015,2801.38408304,-11.8743866536,15.7894736842,32.5627352572,3192.32781807
2014,17,095,77.59,73.63,838,65021,17095,1.31722803205,-7.46571258199,-8.89631279386,-34.3260188088,-0.39231574422,1.57029891516
