year,state,county,loan_average_app,income_average_app,count_app,value_app,fips,income_multiple,loan_avg_app_delta,income_average_app_delta,count_app_delta,value_app_delta,income_mult_delta
2000,51,015,69.35,48.33,2100,145640,51015,1.79365818332,,,,,
2001,51,015,91.75,55.89,3397,311661,51015,2.05202182859,32.2999279019,15.6424581006,61.7619047619,1.13994095029,14.4042854804
2002,51,015,101.33,57.55,4056,411001,51015,2.20091225022,10.4414168937,2.97011987833,19.3994701207,0.318743763256,7.25579131522
2003,51,015,111.9,61.51,5740,642304,51015,2.27402048447,10.4312641863,6.8809730669,41.5187376726,0.562779652604,3.32172417368
2004,51,015,116.93,59.43,5146,601706,51015,2.45940602389,4.49508489723,-3.38156397334,-10.3484320557,-0.0632068304105,8.15232495421
2005,51,015,133.62,63.1,5766,770460,51015,2.6469889065,14.273496964,6.17533232374,12.0481927711,0.280459227596,7.62716203756
2006,51,015,143.05,68.1,6171,882787,51015,2.62573421439,7.05732674749,7.92393026941,7.02393340271,0.145792124186,-0.802976244247
2007,51,015,156.49,73.68,4848,758643,51015,2.65489277959,9.39531632296,8.19383259912,-21.4389888187,-0.14062735405,1.11049187831
2008,51,015,162.99,73.96,12916,2105168,51015,2.75469848567,4.15362003962,0.380021715527,166.419141914,1.77491257416,3.75931212168
2009,51,015,166.6,74.95,3716,619084,51015,2.77851901268,2.21485980735,1.33856138453,-71.229482812,-0.705921807666,0.864723567066
2010,51,015,165.34,79.25,2805,463765,51015,2.60788643533,-0.756302521008,5.7371581054,-24.5156081808,-0.250885178748,-6.14113405615
2011,51,015,158.73,83.17,2323,368734,51015,2.38562582662,-3.99782266844,4.94637223975,-17.183600713,-0.204911970502,-8.52263371978
2012,51,015,2.93,81.16,2607,7633,51015,0.0451269098078,-98.1540981541,-2.41673680414,12.2255703831,-0.979299440789,-98.1083827437
2013,51,015,160.05,78.52,2647,423648,51015,2.54791772797,5362.45733788,-3.25283390833,1.53433064825,54.5021616664,5546.11611746
2014,51,015,161.85,80.43,1504,243429,51015,2.51538604998,1.12464854733,2.43250127356,-43.1809595769,-0.425397971901,-1.27679467939
