year,state,county,loan_average_app,income_average_app,count_app,value_app,fips,income_multiple,loan_avg_app_delta,income_average_app_delta,count_app_delta,value_app_delta,income_mult_delta
2000,37,053,168.5,131.53,1365,230007,37053,1.6013457006,,,,,
2001,37,053,188.23,131.31,1970,370812,37053,1.79184753636,11.7091988131,-0.167262221546,44.3223443223,0.612177020699,11.8963591492
2002,37,053,223.26,143.17,2617,584274,37053,1.94925612908,18.6102109122,9.03206153378,32.8426395939,0.575660981845,8.78470905133
2003,37,053,238.54,155.42,3896,929349,37053,1.91851113113,6.84403834095,8.55626178669,48.872755063,0.590604750511,-1.57726824557
2004,37,053,279.08,147.48,3197,892229,37053,2.36540547871,16.9950532405,-5.10873761421,-17.9414784394,-0.0399419378511,23.2938105143
2005,37,053,303.0,148.65,3582,1085337,37053,2.54793138244,8.57101906263,0.793327908869,12.0425398811,0.216433225103,7.71647421027
2006,37,053,289.92,153.26,3000,869754,37053,2.3646091609,-4.31683168317,3.10124453414,-16.2479061977,-0.198632314203,-7.19494342753
2007,37,053,307.82,159.3,2530,778787,37053,2.41541117389,6.17411699779,3.94101526817,-15.6666666667,-0.104589343653,2.14843170798
2008,37,053,307.54,156.96,6456,1985484,37053,2.44919087666,-0.090962250666,-1.46892655367,155.177865613,1.54945704024,1.39850734881
2009,37,053,278.39,151.51,1834,510576,37053,2.29679559105,-9.47844182871,-3.47222222222,-71.5923172243,-0.74284557317,-6.22227067146
2010,37,053,288.34,187.77,1554,448087,37053,1.91950258295,3.57412263372,23.9324137021,-15.2671755725,-0.122389223152,-16.4269301793
2011,37,053,309.62,207.76,1481,458541,37053,1.86284655372,7.3801761809,10.6460030889,-4.69755469755,0.0233302907694,-2.95159953077
2012,37,053,2.94,206.04,1968,5778,37053,0.0178363424578,-99.0504489374,-0.82787832114,32.8831870358,-0.98739916387,-99.0425221862
2013,37,053,288.89,175.15,1876,541949,37053,2.06173280046,9726.19047619,-14.9922345176,-4.67479674797,92.7952578747,11459.16806
2014,37,053,285.11,177.08,1063,303070,37053,2.01257906031,-1.30845650594,1.1019126463,-43.3368869936,-0.440777637748,-2.3840984697
