year,state,county,loan_average_app,income_average_app,count_app,value_app,fips,income_multiple,loan_avg_app_delta,income_average_app_delta,count_app_delta,value_app_delta,income_mult_delta
2000,18,107,62.43,48.87,1689,105451,18107,1.59683855126,,,,,
2001,18,107,73.8,52.87,2459,181476,18107,1.74484584831,18.2123978856,8.18498056067,45.5891059799,0.720950963007,9.26877027938
2002,18,107,79.48,55.97,2623,208480,18107,1.77505806682,7.69647696477,5.86343862304,6.66937779585,0.14880204545,1.73151218737
2003,18,107,83.81,58.41,3227,270443,18107,1.79357130628,5.44791142426,4.35947829194,23.0270682425,0.297213161934,1.04296528703
2004,18,107,85.71,56.71,2597,222586,18107,1.8892170693,2.26703257368,-2.91046053758,-19.5227765727,-0.176957806266,5.33269921757
2005,18,107,88.67,59.02,2660,235864,18107,1.87796509658,3.45350600863,4.07335566919,2.42587601078,0.0596533474702,-0.595589194347
2006,18,107,87.43,63.19,2400,209823,18107,1.72950625099,-1.39844366753,7.06540155879,-9.77443609023,-0.110406844622,-7.9053037705
2007,18,107,97.24,64.52,1930,187677,18107,1.88391196528,11.2204048953,2.10476341193,-19.5833333333,-0.105546103144,8.92773380869
2008,18,107,101.6,72.78,4120,418580,18107,1.74498488596,4.48375154258,12.8022318661,113.471502591,1.23032124341,-7.3743933838
2009,18,107,108.36,71.37,936,101423,18107,1.89785624212,6.65354330709,-1.93734542457,-77.2815533981,-0.757697453294,8.76061204834
2010,18,107,105.84,76.36,1190,125944,18107,1.73258250393,-2.32558139535,6.99173322124,27.1367521368,0.241769618331,-8.7084434807
2011,18,107,100.81,80.77,971,97888,18107,1.56013990343,-4.75245653817,5.7752750131,-18.4033613445,-0.222765673633,-9.95292288294
2012,18,107,2.95,74.37,1224,3605,18107,0.0495831652548,-97.0737030057,-7.92373405968,26.0556127703,-0.963172196796,-96.8218769903
2013,18,107,96.83,74.58,1090,105540,18107,1.62292169482,3182.37288136,0.282371924163,-10.9477124183,28.2760055479,3173.13047984
2014,18,107,95.4,71.15,735,70120,18107,1.67603654252,-1.47681503666,-4.59908822741,-32.5688073394,-0.335607352662,3.27279177183
