year,state,county,loan_average_app,income_average_app,count_app,value_app,fips,income_multiple,loan_avg_app_delta,income_average_app_delta,count_app_delta,value_app_delta,income_mult_delta
2000,26,069,65.05,54.7,1229,79951,26069,1.48651736746,,,,,
2001,26,069,77.25,59.77,1900,146781,26069,1.61556801071,18.7548039969,9.26873857404,54.5972335232,0.835886980776,8.68140837597
2002,26,069,84.39,62.92,2212,186670,26069,1.67653369358,9.2427184466,5.2702024427,16.4210526316,0.271758606359,3.77363765978
2003,26,069,87.14,67.02,2634,229524,26069,1.62526111608,3.25867993838,6.51621106167,19.0777576854,0.22957090052,-3.05824915364
2004,26,069,93.51,65.91,2037,190483,26069,1.77344105599,7.31007574019,-1.65622202328,-22.6651480638,-0.170095501995,9.11730050231
2005,26,069,96.05,64.0,2071,198926,26069,1.8759765625,2.71628702813,-2.89789106357,1.66912125675,0.0443241654111,5.78172621912
2006,26,069,95.91,69.5,1726,165537,26069,1.725,-0.145757418011,8.59375,-16.6586190246,-0.167846334818,-8.04789172306
2007,26,069,99.08,68.32,1266,125434,26069,1.81279274005,3.3051819414,-1.69784172662,-26.651216686,-0.242260038541,5.08943420561
2008,26,069,101.74,72.94,2480,252316,26069,1.74355634768,2.68469923294,6.76229508197,95.8925750395,1.01154391951,-3.81932202365
2009,26,069,112.42,85.51,724,81390,26069,1.64337504385,10.4973461765,17.2333424733,-70.8064516129,-0.67742830419,-5.74580247789
2010,26,069,111.98,86.57,646,72340,26069,1.61689961881,-0.391389432485,1.23962109695,-10.773480663,-0.111193021256,-1.61103974092
2011,26,069,108.46,100.16,581,63014,26069,1.35358426518,-3.14341846758,15.6982788495,-10.0619195046,-0.128918993641,-16.2852010457
2012,26,069,2.89,91.83,762,2201,26069,0.0393389959708,-97.3354231975,-8.31669329073,31.1531841652,-0.965071254007,-97.0937165138
2013,26,069,96.73,89.87,659,63743,26069,1.34541560031,3247.05882353,-2.13437874333,-13.5170603675,27.9609268514,3320.05576683
2014,26,069,91.29,88.76,488,44548,26069,1.28562978819,-5.62390158172,-1.23511739179,-25.9484066768,-0.301131104592,-4.44366871507
