year,state,county,loan_average_app,income_average_app,count_app,value_app,fips,income_multiple,loan_avg_app_delta,income_average_app_delta,count_app_delta,value_app_delta,income_mult_delta
2000,55,133,138.21,85.57,14870,2055147,55133,2.01896108449,,,,,
2001,55,133,151.55,91.61,35782,5422716,55133,2.06786922825,9.65197887273,7.05854855674,140.632145259,1.63860249413,2.4224411324
2002,55,133,160.06,94.85,47125,7542599,55133,2.10938323669,5.61530847905,3.53673179784,31.7002962383,0.390926428749,2.00757416727
2003,55,133,166.01,96.09,60320,10013998,55133,2.15956395046,3.7173559915,1.30732735899,28.0,0.327658808323,2.37892825262
2004,55,133,184.94,94.86,32059,5929109,55133,2.43701243938,11.4029275345,-1.28004995317,-46.8517904509,-0.407917896528,12.8474310224
2005,55,133,196.53,97.8,31258,6143226,55133,2.51188650307,6.26689737212,3.09930423782,-2.49851835678,0.0361128459605,3.0723710094
2006,55,133,196.73,106.46,27503,5410562,55133,2.30990512869,0.101765633745,8.85480572597,-12.0129246913,-0.11926372235,-8.04102311685
2007,55,133,212.25,110.53,26377,5598626,55133,2.40036641636,7.88898490317,3.82303212474,-4.09409882558,0.0347586812608,3.91623389841
2008,55,133,224.08,114.71,78036,17486220,55133,2.44180978119,5.57361601885,3.78177870261,195.848656026,2.12330561106,1.72654327053
2009,55,133,216.51,117.91,33380,7227030,55133,2.29528877958,-3.37825776508,2.7896434487,-57.2248705726,-0.586701414028,-6.00050842365
2010,55,133,219.7,120.81,30837,6774896,55133,2.27319758298,1.47337305436,2.45950301077,-7.61833433194,-0.0625615225065,-0.96245826637
2011,55,133,214.57,125.15,23234,4985229,55133,2.1431282461,-2.33500227583,3.5924178462,-24.6554463793,-0.264161545801,-5.72186675943
2012,55,133,2.88,121.76,31860,91719,55133,0.0295663600526,-98.6577806776,-2.7087495006,37.126624774,-0.98160184818,-98.6204110694
2013,55,133,217.27,121.96,21529,4677515,55133,2.22685716628,7444.09722222,0.164257555848,-32.4262397991,49.9983209586,7431.72579352
2014,55,133,227.61,119.93,11843,2695534,55133,2.37232135412,4.759055553,-1.66448015743,-44.99047796,-0.423725204516,6.53226394767
