year,state,county,loan_average_app,income_average_app,count_app,value_app,fips,income_multiple,loan_avg_app_delta,income_average_app_delta,count_app_delta,value_app_delta,income_mult_delta
2000,16,011,67.1,43.26,1439,96562,16011,1.9388580675,,,,,
2001,16,011,78.08,48.8,2318,180987,16011,2.0,16.3636363636,12.8062875636,61.084086171,0.874308734285,3.15350223547
2002,16,011,84.58,51.63,2523,213397,16011,2.04774355995,8.32479508197,5.79918032787,8.8438308887,0.179073635123,2.38717799729
2003,16,011,87.44,56.4,3431,300020,16011,1.93794326241,3.38141404587,9.23881464265,35.9889021007,0.405924169506,-5.36201405694
2004,16,011,86.22,58.97,2860,246578,16011,1.8276242157,-1.39524245197,4.55673758865,-16.6423783154,-0.178128124792,-5.69258392896
2005,16,011,89.43,60.59,3298,294943,16011,1.84498267041,3.72303409882,2.74715957266,15.3146853147,0.196144830439,0.949782485678
2006,16,011,99.51,64.39,3078,306283,16011,1.93178288554,11.2713854411,6.27166199043,-6.67070952092,0.0384481069224,4.70466289607
2007,16,011,125.9,70.43,2539,319652,16011,2.23448814426,26.5199477439,9.38033856189,-17.5113710201,0.0436491741298,15.6697349884
2008,16,011,138.43,73.22,6784,939112,16011,2.36325457525,9.95234312947,3.96138009371,167.191807798,1.93791998799,5.76268132489
2009,16,011,138.25,77.53,1652,228382,16011,2.2289758803,-0.130029617857,5.8863698443,-75.6485849057,-0.756810689247,-5.68193948948
2010,16,011,135.56,79.34,1212,164303,16011,2.13574489539,-1.94575045208,2.33458016252,-26.6343825666,-0.280578154145,-4.18268253781
2011,16,011,130.67,77.73,1028,134333,16011,2.10134439727,-3.6072587784,-2.02924124023,-15.1815181518,-0.182406894579,-1.61070257916
2012,16,011,2.92,75.15,1453,4242,16011,0.0485695276114,-97.7653631285,-3.3191817831,41.3424124514,-0.96842175787,-97.6886450563
2013,16,011,132.83,84.92,1334,177199,16011,1.95522256241,4448.97260274,13.000665336,-8.18995182381,40.7725129656,3925.61576891
2014,16,011,126.62,83.46,734,92942,16011,1.89641744548,-4.67514868629,-1.71926519077,-44.9775112444,-0.475493654027,-3.00759197747
