year,state,county,loan_average_app,income_average_app,count_app,value_app,fips,income_multiple,loan_avg_app_delta,income_average_app_delta,count_app_delta,value_app_delta,income_mult_delta
2000,26,041,64.26,45.5,648,41640,26041,1.76538461538,,,,,
2001,26,041,77.74,52.33,1038,80690,26041,1.85696541181,20.9772798008,15.010989011,60.1851851852,0.937800192123,5.18758323976
2002,26,041,84.5,56.89,1229,103853,26041,1.85665319037,8.69565217391,8.71393082362,18.4007707129,0.287061593754,-0.0168135303064
2003,26,041,90.32,61.0,1499,135396,26041,1.85081967213,6.8875739645,7.2244682721,21.9690805533,0.303727383898,-0.314195363275
2004,26,041,86.54,58.79,1040,90001,26041,1.84002381357,-4.18511957484,-3.62295081967,-30.6204136091,-0.335275783627,-0.583301480958
2005,26,041,95.62,61.19,1266,121058,26041,1.95334204935,10.4922579154,4.08232692635,21.7307692308,0.345073943623,6.15852006614
2006,26,041,88.24,58.8,1044,92127,26041,1.87585034014,-7.71805061703,-3.90586697173,-17.5355450237,-0.238984618943,-3.96713464721
2007,26,041,97.07,66.1,790,76686,26041,1.83566565809,10.0067996374,12.4149659864,-24.3295019157,-0.167605587938,-2.14221151776
2008,26,041,112.04,69.22,1696,190028,26041,2.02325917365,15.421860513,4.72012102874,114.683544304,1.4780011997,10.2193727234
2009,26,041,110.85,71.86,355,39350,26041,1.92822849986,-1.06212067119,3.81392661081,-79.0683962264,-0.792925253121,-4.69691056025
2010,26,041,114.93,86.15,362,41605,26041,1.6675856065,3.68064952639,19.8858892291,1.97183098592,0.0573062261753,-13.5172202558
2011,26,041,112.0,86.04,220,24641,26041,1.62715016272,-2.54937788219,-0.127684271619,-39.226519337,-0.407739454393,-2.42478968562
2012,26,041,2.96,86.35,296,876,26041,0.0428488708743,-97.3571428571,0.36029753603,34.5454545455,-0.964449494745,-97.3666308214
2013,26,041,98.07,78.64,236,23144,26041,1.55884409969,3213.17567568,-8.92877822814,-20.2702702703,25.4200913242,3538.00508131
2014,26,041,102.96,80.23,179,18429,26041,1.60413810295,4.98623432242,2.02187182096,-24.1525423729,-0.203724507432,2.90561469669
