year,state,county,loan_average_app,income_average_app,count_app,value_app,fips,income_multiple,loan_avg_app_delta,income_average_app_delta,count_app_delta,value_app_delta,income_mult_delta
2000,27,139,134.16,79.24,7149,959130,27139,2.11635537607,,,,,
2001,27,139,155.36,84.86,14237,2211909,27139,2.28847513552,15.8020274299,7.09237758708,99.1467338089,1.30616183416,8.13283824591
2002,27,139,174.62,105.54,17310,3022616,27139,2.06817320447,12.3970133883,24.3695498468,21.5846034979,0.366519147035,-9.62658180664
2003,27,139,188.48,88.26,22625,4264262,27139,2.66938590528,7.93723513916,-16.37293917,30.7047949162,0.410785227101,29.0697461657
2004,27,139,202.49,90.67,15198,3077518,27139,2.7915793537,7.43314940577,2.73056877408,-32.826519337,-0.278299973125,4.57758648454
2005,27,139,207.11,97.18,16191,3353254,27139,2.6639997942,2.2815941528,7.17988309253,6.53375444137,0.0895968764439,-4.57015700932
2006,27,139,204.42,108.19,14303,2923748,27139,2.36181717349,-1.29882671044,11.329491665,-11.6607992094,-0.128086330472,-11.3431923442
2007,27,139,215.95,110.6,10600,2289052,27139,2.44066455696,5.64034830251,2.22756262131,-25.8896734951,-0.217083004418,3.33842027892
2008,27,139,238.34,110.26,23348,5564752,27139,2.70202249229,10.3681407733,-0.307414104882,120.264150943,1.43102908977,10.7084742384
2009,27,139,224.57,109.1,8149,1830057,27139,2.57298350137,-5.77746077033,-1.05205877018,-65.0976529039,-0.671134131404,-4.77564458787
2010,27,139,223.09,114.34,7948,1773099,27139,2.43888840301,-0.659037271229,4.80293308891,-2.46656031415,-0.0311236207397,-5.21165791754
2011,27,139,211.71,117.09,6101,1291656,27139,2.26012042019,-5.1010802815,2.4051075739,-23.2385505788,-0.271526293794,-7.32989597222
2012,27,139,2.9,114.77,9503,27576,27139,0.0315849089483,-98.630201691,-1.98138184303,55.7613505983,-0.978650662405,-98.6025121199
2013,27,139,217.14,113.96,8093,1757299,27139,2.38175675676,7387.5862069,-0.705759344777,-14.8374197622,62.7256672469,7440.80615098
2014,27,139,230.29,113.86,4587,1056344,27139,2.52821447392,6.05600073685,-0.0877500877501,-43.3213888546,-0.398882034304,6.14914670623
