year,state,county,loan_average_app,income_average_app,count_app,value_app,fips,income_multiple,loan_avg_app_delta,income_average_app_delta,count_app_delta,value_app_delta,income_mult_delta
2000,36,011,54.63,46.94,2509,137059,36011,1.45478270132,,,,,
2001,36,011,63.06,54.22,2979,187861,36011,1.45379933604,15.4310818232,15.5091606306,18.732562774,0.370657891857,-0.0675953378865
2002,36,011,72.49,59.1,3353,243054,36011,1.53320642978,14.954012052,9.00036886758,12.5545485062,0.293797009491,5.46203948325
2003,36,011,78.63,65.73,4335,340854,36011,1.49532177088,8.47013381156,11.2182741117,29.2872054876,0.402379718087,-2.47094312699
2004,36,011,80.28,64.09,4107,329723,36011,1.56576689031,2.09843571156,-2.4950555302,-5.25951557093,-0.032656210577,4.7110341601
2005,36,011,85.06,63.8,4079,346965,36011,1.66653605016,5.95416043847,-0.452488687783,-0.681762843925,0.0522923787543,6.43577025864
2006,36,011,89.84,68.38,3576,321258,36011,1.64229306815,5.61956266165,7.17868338558,-12.3314537877,-0.0740910466474,-1.45469292464
2007,36,011,94.02,68.97,3121,293434,36011,1.70400173989,4.65271593945,0.86282538754,-12.7237136465,-0.0866095163389,3.75747014556
2008,36,011,102.13,72.24,7060,721044,36011,1.7671996124,8.6258242927,4.74119182253,126.209548222,1.45726125807,3.70879154856
2009,36,011,109.91,85.7,1485,163220,36011,1.60312135356,7.61774209341,18.6323366556,-78.9660056657,-0.773633786565,-9.2846477383
2010,36,011,105.98,92.96,1282,135869,36011,1.4250753012,-3.57565280684,8.47141190198,-13.67003367,-0.167571376057,-11.1062117636
2011,36,011,114.88,96.71,1174,134864,36011,1.48485161824,8.39781090772,4.03399311532,-8.42433697348,-0.00739683077082,4.19460761019
2012,36,011,2.89,85.65,1326,3838,36011,0.0421774664332,-97.4843314763,-11.4362527143,12.9471890971,-0.971541701269,-97.1594827446
2013,36,011,108.43,86.4,1295,140412,36011,1.56872106481,3651.90311419,0.875656742557,-2.33785822021,35.5846795206,3619.33451077
2014,36,011,112.75,86.63,1033,116473,36011,1.62689022279,3.98413723139,0.266203703704,-20.2316602317,-0.170491126115,3.7080625279
