year,state,county,loan_average_app,income_average_app,count_app,value_app,fips,income_multiple,loan_avg_app_delta,income_average_app_delta,count_app_delta,value_app_delta,income_mult_delta
2000,21,229,59.51,41.21,350,20827,21229,1.80508371754,,,,,
2001,21,229,69.36,43.46,387,26841,21229,1.99493787391,16.5518400269,5.4598398447,10.5714285714,0.288759782974,10.5177479868
2002,21,229,81.8,52.49,365,29857,21229,1.94799009335,17.9354094579,20.7777266452,-5.68475452196,0.112365411125,-2.35334549361
2003,21,229,85.32,51.12,574,48974,21229,2.08626760563,4.30317848411,-2.61002095637,57.2602739726,0.640285360217,7.09847102173
2004,21,229,83.3,59.07,578,48145,21229,1.76273912307,-2.36755743085,15.5516431925,0.696864111498,-0.0169273492057,-15.5075255775
2005,21,229,84.95,53.22,647,54965,21229,1.99525554303,1.98079231693,-9.90350431691,11.937716263,0.141655415931,13.1906313822
2006,21,229,89.7,56.91,566,50768,21229,1.97021613073,5.59152442613,6.93348365276,-12.5193199382,-0.0763576821614,-1.25494763734
2007,21,229,87.91,56.4,455,39998,21229,1.94835992908,-1.99554069119,-0.896151818661,-19.6113074205,-0.212141506461,-1.10933015489
2008,21,229,104.49,62.46,1116,116612,21229,2.09113832853,18.8601979297,10.7446808511,145.274725275,1.91544577229,7.32813261664
2009,21,229,108.35,63.14,325,35214,21229,2.14503484321,3.6941334099,1.08869676593,-70.8781362007,-0.698024217062,2.57737682582
2010,21,229,105.64,65.5,273,28841,21229,2.01603053435,-2.50115366867,3.73772568895,-16.0,-0.180979156017,-6.0140892006
2011,21,229,108.67,68.19,226,24559,21229,1.99204428802,2.86823173041,4.10687022901,-17.2161172161,-0.148469193163,-1.18977594454
2012,21,229,2.96,60.41,289,855,21229,0.0612481377255,-97.2761571731,-11.409297551,27.8761061947,-0.965185878904,-96.9253626491
2013,21,229,102.9,64.53,229,23565,21229,1.99325894933,3376.35135135,6.82006290349,-20.7612456747,26.5614035088,3154.39927375
2014,21,229,110.04,64.41,140,15405,21229,2.13553795994,6.9387755102,-0.185960018596,-38.864628821,-0.346276257161,7.13800937236
