year,state,county,loan_average_app,income_average_app,count_app,value_app,fips,income_multiple,loan_avg_app_delta,income_average_app_delta,count_app_delta,value_app_delta,income_mult_delta
2000,23,009,87.35,67.52,1381,120631,23009,1.61711344787,,,,,
2001,23,009,101.95,77.94,1793,182803,23009,1.63507185014,16.7143674871,15.432464455,29.8334540188,0.515389908067,1.11052210329
2002,23,009,125.48,87.57,2109,264630,23009,1.79113851776,23.0799411476,12.3556581986,17.6240936977,0.447623944902,9.54494248082
2003,23,009,138.97,95.52,2892,401914,23009,1.81859819933,10.7507172458,9.07845152449,37.1266002845,0.518777160564,1.5330853142
2004,23,009,149.7,90.91,2806,420067,23009,2.05835441646,7.72109088292,-4.82621440536,-2.97372060858,0.0451663788771,13.1835727768
2005,23,009,163.84,94.06,3198,523954,23009,2.17733361684,9.44555778223,3.46496535035,13.9700641483,0.247310548079,5.78030680398
2006,23,009,166.1,96.64,2891,480193,23009,2.1484375,1.37939453125,2.74293004465,-9.59974984365,-0.0835206907477,-1.32713317871
2007,23,009,190.78,113.34,2419,461496,23009,2.1040674078,14.8585189645,17.2806291391,-16.3265306122,-0.0389364276447,-2.06522610969
2008,23,009,195.26,110.53,7148,1395684,23009,2.20822401158,2.34825453402,-2.47926592553,195.494005788,2.02426023194,4.95025032919
2009,23,009,213.84,138.2,2135,456547,23009,1.93415340087,9.51551777118,25.0339274405,-70.1315053162,-0.672886555983,-12.4113590503
2010,23,009,202.53,133.68,1775,359494,23009,1.8937948833,-5.28900112233,-3.27062228654,-16.8618266979,-0.212580522925,-2.08662443976
2011,23,009,195.0,124.13,1568,305763,23009,1.96366712318,-3.71796770849,-7.14392579294,-11.661971831,-0.149462856126,3.68953578288
2012,23,009,2.91,125.1,1910,5555,23009,0.0290767386091,-98.5076923077,0.781438814146,21.8112244898,-0.981832334193,-98.5192633585
2013,23,009,195.09,131.67,1789,349024,23009,1.85207336523,6604.12371134,5.25179856115,-6.33507853403,61.8306030603,6269.60489321
2014,23,009,184.79,121.73,1221,225623,23009,1.8975396369,-5.27961453688,-7.54917597023,-31.7495807714,-0.353560213624,2.45488502365
