year,state,county,loan_average_app,income_average_app,count_app,value_app,fips,income_multiple,loan_avg_app_delta,income_average_app_delta,count_app_delta,value_app_delta,income_mult_delta
2000,42,047,55.55,44.48,1022,56767,42047,1.5610948741,,,,,
2001,42,047,58.39,49.89,1756,102535,42047,1.46296853077,5.11251125113,12.1627697842,71.8199608611,0.806243063752,-6.28573861595
2002,42,047,61.7,51.46,1796,110814,42047,1.49873688302,5.6687789005,3.14692323111,2.27790432802,0.0807431608719,2.44491603859
2003,42,047,66.66,57.63,2232,148788,42047,1.44586153045,8.03889789303,11.9898950641,24.276169265,0.342682332557,-3.52799435059
2004,42,047,69.86,51.57,1792,125192,42047,1.69332945511,4.800480048,-10.5153565851,-19.7132616487,-0.158588058177,17.1156033579
2005,42,047,72.48,58.76,1763,127777,42047,1.54186521443,3.75035785857,13.9422144658,-1.61830357143,0.0206482842354,-8.9447591088
2006,42,047,67.36,55.04,1587,106900,42047,1.52979651163,-7.06401766004,-6.33083730429,-9.98298355077,-0.163386211916,-0.782733969916
2007,42,047,69.32,53.97,1311,90884,42047,1.60552158607,2.90973871734,-1.94404069767,-17.3913043478,-0.149822263798,4.9500096165
2008,42,047,76.44,74.59,3732,285268,42047,1.28100281539,10.2712060012,38.2064109691,184.66819222,2.13881431275,-20.2126694211
2009,42,047,79.98,64.76,787,62947,42047,1.54377702285,4.63108320251,-13.1787102829,-78.9121114684,-0.779340830377,20.5131639295
2010,42,047,79.04,66.34,641,50664,42047,1.48929755803,-1.17529382346,2.43977764052,-18.5514612452,-0.195132412982,-3.52897238479
2011,42,047,78.95,66.17,660,52106,42047,1.49142360586,-0.113866396761,-0.256255652698,2.96411856474,0.0284620243171,0.142755073883
2012,42,047,2.95,72.24,881,2601,42047,0.0510451273533,-96.2634578847,9.17334139338,33.4848484848,-0.950082524086,-96.5774225946
2013,42,047,81.55,71.77,732,59695,42047,1.4203357949,2664.40677966,-0.650609080842,-16.912599319,21.9507881584,2682.51004267
2014,42,047,88.13,69.76,511,45036,42047,1.57916427752,8.0686695279,-2.80061306953,-30.1912568306,-0.245564955189,11.1824600346
