year,state,county,loan_average_app,income_average_app,count_app,value_app,fips,income_multiple,loan_avg_app_delta,income_average_app_delta,count_app_delta,value_app_delta,income_mult_delta
2000,46,023,52.67,44.37,83,4372,46023,1.48382916385,,,,,
2001,46,023,55.41,56.16,128,7092,46023,1.23330662393,5.20220239225,26.5720081136,54.2168674699,0.622140896615,-16.8835163792
2002,46,023,62.48,51.33,145,9060,46023,1.52152737191,12.7594297058,-8.60042735043,13.28125,0.277495769882,23.3697559376
2003,46,023,75.24,63.53,156,11738,46023,1.48040295923,20.4225352113,23.7677771284,7.58620689655,0.295584988962,-2.70283751937
2004,46,023,81.97,55.79,149,12214,46023,1.83657465496,8.9447102605,-12.1832205257,-4.48717948718,0.0405520531607,24.0591045501
2005,46,023,87.45,85.37,137,11980,46023,1.28045566358,6.68537269733,53.0202545259,-8.05369127517,-0.0191583428852,-30.2802279163
2006,46,023,105.52,77.45,111,11713,46023,1.70303421562,20.6632361349,-9.27726367576,-18.9781021898,-0.0222871452421,33.0022010179
2007,46,023,106.37,82.16,130,13828,46023,1.61833617332,0.80553449583,6.08134280181,17.1171171171,0.180568598993,-4.97336116478
2008,46,023,121.06,83.25,428,51812,46023,1.81771771772,13.8102848548,1.32667964946,229.230769231,2.74689036737,12.3201562002
2009,46,023,112.99,86.26,109,12316,46023,1.63734639462,-6.66611597555,3.61561561562,-74.5327102804,-0.762294449162,-9.9229556569
2010,46,023,120.47,87.05,99,11927,46023,1.72989661114,6.62005487211,0.915835845119,-9.17431192661,-0.0315849301721,5.65245184685
2011,46,023,121.05,136.44,82,9926,46023,1.10900395778,0.481447663319,56.7375071798,-17.1717171717,-0.167770604511,-35.8918937328
2012,46,023,2.95,100.14,87,257,46023,0.036823447174,-97.5629904998,-26.6051011434,6.09756097561,-0.974108402176,-96.679592808
2013,46,023,131.67,90.6,87,11455,46023,1.81663907285,4363.38983051,-9.52666267226,0.0,43.5719844358,4833.375912
2014,46,023,141.74,110.8,50,7087,46023,1.59905234657,7.64790764791,22.2958057395,-42.5287356322,-0.381318201659,-11.9774329161
