year,state,county,loan_average_app,income_average_app,count_app,value_app,fips,income_multiple,loan_avg_app_delta,income_average_app_delta,count_app_delta,value_app_delta,income_mult_delta
2000,13,153,73.93,54.76,5113,377998,13153,1.68759130752,,,,,
2001,13,153,83.28,63.04,6047,503595,13153,1.65133248731,12.6470986068,15.1205259313,18.2671621357,0.332268953804,-2.14855457316
2002,13,153,92.8,68.07,7004,649969,13153,1.70412810342,11.4313160423,7.97906091371,15.8260294361,0.290658167774,3.19715239172
2003,13,153,101.52,72.84,8867,900142,13153,1.74217462932,9.39655172414,7.00749228735,26.5990862364,0.384899895226,2.23260949838
2004,13,153,100.53,70.03,8284,832787,13153,1.79440953877,-0.975177304965,-3.85777045579,-6.5749407917,-0.074827082838,2.99825910476
2005,13,153,103.14,71.61,9218,950738,13153,1.80037704231,2.59623992838,2.2561759246,11.2747464993,0.141634055287,0.332560846033
2006,13,153,109.87,74.33,9292,1020898,13153,1.84767254137,6.52511149893,3.79835218545,0.802777175092,0.0737953042794,2.6269774578
2007,13,153,124.81,80.88,8365,1044075,13153,1.92893793274,13.5978884136,8.81205435221,-9.97632371933,0.0227025618622,4.3982572426
2008,13,153,133.19,83.43,17656,2351644,13153,1.99553517919,6.7142055925,3.1528189911,111.06993425,1.25237075881,3.45253443991
2009,13,153,140.58,89.2,3543,498067,13153,1.97001121076,5.54846459944,6.91597746614,-79.9331671953,-0.788204762285,-1.27905379449
2010,13,153,142.24,91.69,3300,469381,13153,1.93914276366,1.18082230758,2.79147982063,-6.85859441152,-0.0575946609593,-1.56691733192
2011,13,153,134.94,97.35,2920,394037,13153,1.73266563945,-5.13217097863,6.17297415203,-11.5151515152,-0.160517788321,-10.6478557476
2012,13,153,2.89,93.86,3721,10763,13153,0.038488173876,-97.8583073959,-3.58500256805,27.4315068493,-0.972685306202,-97.7786727572
2013,13,153,128.6,93.29,3815,490603,13153,1.72312144924,4349.82698962,-0.607287449393,2.5262026337,44.5823655115,4377.0153419
2014,13,153,121.94,83.65,2222,270942,13153,1.82217573222,-5.17884914463,-10.3333690642,-41.756225426,-0.447736764757,5.748537517
