year,state,county,loan_average_app,income_average_app,count_app,value_app,fips,income_multiple,loan_avg_app_delta,income_average_app_delta,count_app_delta,value_app_delta,income_mult_delta
2000,23,003,45.67,41.21,1039,47453,23003,1.38528269837,,,,,
2001,23,003,54.1,48.77,1324,71635,23003,1.38661062128,18.4585066783,18.3450618782,27.4302213667,0.509598971614,0.0958593441579
2002,23,003,60.19,49.82,1324,79694,23003,1.51018667202,11.2569316081,2.15296288702,0.0,0.112500872479,8.91209463125
2003,23,003,64.35,56.52,1807,116283,23003,1.42316878981,6.91144708423,13.4484142914,36.4803625378,0.459118628755,-5.76206132809
2004,23,003,69.43,55.59,2631,182675,23003,1.56120705163,7.89432789433,-1.64543524416,45.6004427227,0.570951901826,9.69935982348
2005,23,003,70.5,55.85,3030,213624,23003,1.57788719785,1.54112055308,0.467710019788,15.165336374,0.169421103052,1.0684134565
2006,23,003,74.82,59.04,3133,234418,23003,1.58409552846,6.12765957447,5.71172784244,3.39933993399,0.0973392502715,0.393458455861
2007,23,003,85.53,59.38,2495,213395,23003,1.80047995958,14.3143544507,0.575880758808,-20.3638684966,-0.0896816797345,13.6598094774
2008,23,003,93.02,60.97,5472,509000,23003,1.90708545186,8.75716122998,2.67766924891,119.318637275,1.38524801425,5.92094856218
2009,23,003,98.99,69.33,1239,122650,23003,1.7847612866,6.41797462911,13.7116614729,-77.3574561404,-0.759037328094,-6.41419424294
2010,23,003,102.84,71.31,1012,104074,23003,1.8026924695,3.88928174563,2.85590653397,-18.3212267958,-0.151455360783,1.00468242076
2011,23,003,99.21,79.27,921,91369,23003,1.56443168916,-3.52975495916,11.1625297995,-8.99209486166,-0.122076599343,-13.2169399033
2012,23,003,2.96,78.04,1181,3494,23003,0.0474115838032,-97.0164297954,-1.55165888735,28.230184582,-0.961759458897,-96.9694053034
2013,23,003,97.03,72.39,965,93633,23003,1.67547313165,3178.04054054,-7.23987698616,-18.2895850974,25.7982255295,3433.88981605
2014,23,003,96.49,70.17,629,60691,23003,1.71886133675,-0.556528908585,-3.06672192292,-34.8186528497,-0.351820405199,2.58960912509
