year,state,county,loan_average_app,income_average_app,count_app,value_app,fips,income_multiple,loan_avg_app_delta,income_average_app_delta,count_app_delta,value_app_delta,income_mult_delta
2000,53,051,85.0,50.17,476,40460,53051,2.11779948176,,,,,
2001,53,051,94.34,57.16,844,79627,53051,2.06306857943,10.9882352941,13.9326290612,77.3109243697,0.968042511122,-2.584328819
2002,53,051,101.45,60.01,826,83795,53051,2.11318946842,7.53656985372,4.98600419874,-2.1327014218,0.0523440541525,2.42943397498
2003,53,051,106.68,63.6,1175,125348,53051,2.09669811321,5.15524889108,5.98233627729,42.2518159806,0.49588877618,-0.78040116425
2004,53,051,114.33,69.64,891,101865,53051,2.0521611143,7.17097862767,9.49685534591,-24.170212766,-0.187342438651,-2.12414932912
2005,53,051,117.44,76.43,1090,128005,53051,1.9207117624,2.72019592408,9.75014359563,22.3344556678,0.256614146174,-6.40541090995
2006,53,051,147.55,81.07,1063,156845,53051,2.27504008881,25.6386239782,6.07091456234,-2.47706422018,0.225303699074,18.4477615721
2007,53,051,163.24,83.84,905,147731,53051,2.43380248092,10.6336834971,3.41680029604,-14.863593603,-0.0581083235041,6.97844371555
2008,53,051,176.19,88.64,2468,434844,53051,2.48462883574,7.93310463122,5.72519083969,172.70718232,1.94348511822,2.08835167285
2009,53,051,181.14,90.81,688,124622,53051,2.49339279815,2.80946705261,2.44810469314,-72.1231766613,-0.713409866527,0.352727227659
2010,53,051,181.56,97.24,499,90597,53051,2.33391608392,0.231864855913,7.0807179826,-27.4709302326,-0.273025629504,-6.39597236152
2011,53,051,174.57,106.61,481,83968,53051,2.04682956571,-3.84996695307,9.63595228301,-3.60721442886,-0.0731701932735,-12.3006358364
2012,53,051,2.92,98.23,533,1556,53051,0.0371576911331,-98.3273185542,-7.86042585123,10.8108108108,-0.981469131098,-98.1846221222
2013,53,051,155.77,91.03,501,78039,53051,2.13899263979,5234.5890411,-7.3297363331,-6.00375234522,49.1535989717,5656.52731525
2014,53,051,149.78,87.19,320,47928,53051,2.14732194059,-3.84541310907,-4.21838954191,-36.127744511,-0.385845538769,0.389402966868
