year,state,county,loan_average_app,income_average_app,count_app,value_app,fips,income_multiple,loan_avg_app_delta,income_average_app_delta,count_app_delta,value_app_delta,income_mult_delta
2000,22,057,56.55,48.05,3343,189049,22057,1.47112382934,,,,,
2001,22,057,66.02,55.35,4591,303117,22057,1.49096657633,16.7462422635,15.1925078044,37.3317379599,0.603377960211,1.34881555123
2002,22,057,74.93,58.95,4374,327725,22057,1.58884648007,13.4959103302,6.50406504065,-4.72663907645,0.0811831734941,6.56486237111
2003,22,057,80.72,62.71,6291,507800,22057,1.6089937809,7.72721206459,6.37828668363,43.8271604938,0.549469829888,1.26804578549
2004,22,057,86.38,60.59,5278,455936,22057,1.78205974583,7.01189296333,-3.38064104609,-16.1023684629,-0.1021346987,10.7561612103
2005,22,057,92.42,64.93,4959,458287,22057,1.77922377945,6.99235934244,7.16289816801,-6.04395604396,0.00515642546322,-0.159139803504
2006,22,057,94.91,65.87,4795,455105,22057,1.80108547138,2.69422202986,1.44771292161,-3.30711837064,-0.00694324735373,1.22872075906
2007,22,057,111.12,77.47,4326,480695,22057,1.79295211049,17.0793383205,17.6104448155,-9.78102189781,0.0562287823689,-0.451581061414
2008,22,057,112.22,77.91,13304,1493012,22057,1.80047490694,0.989920806335,0.567961791661,207.535829866,2.10594451783,0.419575983401
2009,22,057,125.53,90.02,3456,433820,22057,1.74308487003,11.8606309036,15.5435759209,-74.0228502706,-0.709433011925,-3.1874944046
2010,22,057,126.05,87.97,2757,347509,22057,1.79109355462,0.414243607106,-2.2772717174,-20.2256944444,-0.198955788115,2.75423677972
2011,22,057,122.51,89.63,2831,346835,22057,1.70855182417,-2.80840936136,1.88700693418,2.68407689518,-0.0019395181132,-4.60845444069
2012,22,057,2.96,91.34,3068,9066,22057,0.0405079921174,-97.5838707044,1.90784335602,8.37160014129,-0.97386076953,-97.6291036921
2013,22,057,122.14,87.18,2934,358358,22057,1.75126175728,4026.35135135,-4.55441208671,-4.36766623207,38.5276858593,4223.24997055
2014,22,057,121.47,88.15,2243,272447,22057,1.72249007374,-0.548550843295,1.11264051388,-23.551465576,-0.23973512521,-1.64291165648
