year,state,county,loan_average_app,income_average_app,count_app,value_app,fips,income_multiple,loan_avg_app_delta,income_average_app_delta,count_app_delta,value_app_delta,income_mult_delta
2000,17,119,69.69,55.23,12065,840831,17119,1.57726778924,,,,,
2001,17,119,83.92,63.06,18170,1524763,17119,1.66349508405,20.4189984216,14.1770776752,50.6009117281,0.813400076829,5.46687730453
2002,17,119,92.62,68.58,20362,1885970,17119,1.68817439487,10.3670162059,8.75356803045,12.063841497,0.236893864817,1.48358183063
2003,17,119,99.57,69.22,26945,2683000,17119,1.79807136666,7.50377888145,0.933216681248,32.3298300756,0.422610115749,6.50981155287
2004,17,119,99.7,65.24,19594,1953602,17119,1.91025444513,0.130561414081,-5.74978329962,-27.2814993505,-0.271859112933,6.2390781895
2005,17,119,105.06,67.95,20325,2135344,17119,1.93267108168,5.37612838516,4.15389331698,3.73073389813,0.0930291840406,1.17348956361
2006,17,119,106.56,72.09,19292,2055720,17119,1.84769038702,1.42775556825,6.09271523179,-5.08241082411,-0.0372886054893,-4.39705935827
2007,17,119,114.13,74.0,17696,2019609,17119,1.92787162162,7.10397897898,2.64946594535,-8.27285921626,-0.0175661082249,4.33953844047
2008,17,119,128.34,82.95,40624,5213672,17119,1.93399638336,12.450714098,12.0945945946,129.566003617,1.58152543388,0.317695518372
2009,17,119,136.25,89.0,12368,1685143,17119,1.91362359551,6.16331619137,7.29355033153,-69.5549428909,-0.676783848313,-1.05340361715
2010,17,119,136.96,95.18,11643,1594568,17119,1.7986972053,0.521100917431,6.94382022472,-5.86190168176,-0.0537491476984,-6.00569466641
2011,17,119,132.73,97.27,8847,1174231,17119,1.70569034646,-3.08849299065,2.19583946207,-24.0144292708,-0.263605565896,-5.17079020099
2012,17,119,2.93,96.56,11653,34112,17119,0.0379297845899,-97.7925111128,-0.729927007299,31.7169662032,-0.970949498012,-97.7762795768
2013,17,119,126.8,92.75,9656,1224423,17119,1.70889487871,4227.64505119,-3.94573322287,-17.1372178838,34.894201454,4405.41677783
2014,17,119,126.11,89.72,5505,694232,17119,1.75699398128,-0.544164037855,-3.26684636119,-42.9888152444,-0.433012937522,2.8146320273
