year,state,county,loan_average_app,income_average_app,count_app,value_app,fips,income_multiple,loan_avg_app_delta,income_average_app_delta,count_app_delta,value_app_delta,income_mult_delta
2000,30,091,48.43,47.49,65,3148,30091,1.27474205096,,,,,
2001,30,091,46.28,45.73,78,3610,30091,1.2650338946,-4.43939706793,-3.70604337755,20.0,0.146759847522,-0.761578105317
2002,30,091,47.9,52.13,104,4982,30091,1.14857088049,3.50043215212,13.9951891537,33.3333333333,0.380055401662,-9.20631570466
2003,30,091,49.3,56.95,127,6261,30091,1.08208955224,2.92275574113,9.24611548053,22.1153846154,0.256724207146,-5.78817810738
2004,30,091,61.76,52.51,91,5620,30091,1.47019615311,25.2738336714,-7.79631255487,-28.3464566929,-0.102379811532,35.8664031153
2005,30,091,59.51,50.83,86,5118,30091,1.46345662011,-3.64313471503,-3.19939059227,-5.49450549451,-0.0893238434164,-0.458410464018
2006,30,091,61.69,67.59,78,4812,30091,1.14088622577,3.66324987397,32.9726539445,-9.3023255814,-0.0597889800703,-22.0416778947
2007,30,091,69.45,79.5,86,5973,30091,1.09198113208,12.579024153,17.6209498447,10.2564102564,0.241271820449,-4.28658814462
2008,30,091,73.25,66.63,208,15236,30091,1.37419330632,5.47156227502,-16.1886792453,141.860465116,1.55081198728,25.8440522417
2009,30,091,89.77,89.06,47,4219,30091,1.25996519201,22.5529010239,33.6635149332,-77.4038461538,-0.723090049882,-8.31237597999
2010,30,091,119.13,107.59,46,5480,30091,1.38407379868,32.7058037206,20.8061980687,-2.12765957447,0.298885991941,9.85016153321
2011,30,091,81.58,71.87,45,3671,30091,1.41888131348,-31.5201880299,-33.2001115345,-2.17391304348,-0.330109489051,2.51485974488
2012,30,091,3.0,93.18,72,216,30091,0.0402446877012,-96.3226280951,29.6507583136,60.0,-0.941160446745,-97.163632552
2013,30,091,143.98,95.21,82,11806,30091,1.89029513707,4699.33333333,2.17857909423,13.8888888889,53.6574074074,4597.00535658
2014,30,091,177.0,102.19,52,9204,30091,2.16508464625,22.9337407973,7.33116269299,-36.5853658537,-0.220396408606,14.5368574353
