year,state,county,loan_average_app,income_average_app,count_app,value_app,fips,income_multiple,loan_avg_app_delta,income_average_app_delta,count_app_delta,value_app_delta,income_mult_delta
2000,66,010,133.0,33.0,1,133,66010,5.03787878788,,,,,
2001,66,010,121.0,55.0,11,1331,66010,2.75,-9.02255639098,66.6666666667,1000.0,9.00751879699,-45.4135338346
2002,66,010,143.32,64.45,31,4443,66010,2.77967416602,18.4462809917,17.1818181818,181.818181818,2.33809166041,1.07906058255
2003,66,010,150.5,96.5,2,301,66010,1.94948186528,5.00976835054,49.7284716835,-93.5483870968,-0.932252982219,-29.8665329514
