year,state,county,loan_average_app,income_average_app,count_app,value_app,fips,income_multiple,loan_avg_app_delta,income_average_app_delta,count_app_delta,value_app_delta,income_mult_delta
2000,21,239,88.98,62.39,1165,103667,21239,1.78273761821,,,,,
2001,21,239,108.2,67.01,1751,189462,21239,2.01835546933,21.6003596314,7.40503285783,50.3004291845,0.827601840509,13.2166309118
2002,21,239,114.69,71.35,1984,227548,21239,2.00928521374,5.99815157116,6.47664527682,13.3066818961,0.201021840791,-0.449388412281
2003,21,239,119.34,73.25,2894,345357,21239,2.03651877133,4.05440753335,2.66292922214,45.8669354839,0.517732522369,1.35538535842
2004,21,239,127.22,72.16,1810,230271,21239,2.20378325942,6.60298307357,-1.48805460751,-37.4568071873,-0.333237780036,8.21325540658
2005,21,239,129.65,78.66,1778,230517,21239,2.06029112637,1.91007703191,9.00776053215,-1.7679558011,0.00106830647368,-6.51117265926
2006,21,239,143.02,84.08,1647,235561,21239,2.12624881066,10.3123794832,6.8904144419,-7.36782902137,0.0218812495391,3.20137690474
2007,21,239,160.61,85.37,1601,257133,21239,2.3516750615,12.2989791638,1.53425309229,-2.79295689132,0.0915771286418,10.6020635831
2008,21,239,170.57,96.73,4068,693868,21239,2.2042024191,6.2013573252,13.306782242,154.091193004,1.69847899725,-6.27096169904
2009,21,239,175.62,96.93,1381,242536,21239,2.26477870628,2.96066131207,0.206761087563,-66.052114061,-0.650458012187,2.74821797913
2010,21,239,164.97,91.18,1125,185591,21239,2.26159793814,-6.06422958661,-5.93211595997,-18.5372918175,-0.234789886862,-0.14044498607
2011,21,239,163.48,90.75,930,152034,21239,2.25179063361,-0.903194520216,-0.471594647949,-17.3333333333,-0.180811569527,-0.433644918493
2012,21,239,2.95,96.33,1318,3892,21239,0.0382798712758,-98.1954979202,6.14876033058,41.7204301075,-0.974400463054,-98.3000252908
2013,21,239,157.09,91.29,1094,171857,21239,2.15097491511,5225.08474576,-5.23201494861,-16.995447648,43.1564748201,5519.0756223
2014,21,239,163.23,89.86,600,97937,21239,2.27061540174,3.90858743396,-1.56643663052,-45.155393053,-0.430125045823,5.56215164529
