year,state,county,loan_average_app,income_average_app,count_app,value_app,fips,income_multiple,loan_avg_app_delta,income_average_app_delta,count_app_delta,value_app_delta,income_mult_delta
2000,35,031,45.63,35.84,2553,116505,35031,1.59144810268,,,,,
2001,35,031,51.32,43.21,2220,113924,35031,1.48461004397,12.469866316,20.5636160714,-13.0434782609,-0.0221535556414,-6.71326061638
2002,35,031,71.54,53.06,1312,93861,35031,1.68535620053,39.3998441154,22.7956491553,-40.9009009009,-0.176108633826,13.5218104829
2003,35,031,86.55,66.8,1625,140651,35031,1.61957335329,20.98126922,25.8952129665,23.8567073171,0.498503105656,-3.90320142494
2004,35,031,94.96,65.98,1354,128576,35031,1.79903000909,9.716926632,-1.22754491018,-16.6769230769,-0.0858507938088,11.0804895274
2005,35,031,106.07,70.95,1510,160168,35031,1.86874559549,11.699663016,7.53258563201,11.5214180207,0.245706819313,3.87517640305
2006,35,031,112.78,73.53,1411,159139,35031,1.91724466204,6.32601112473,3.63636363636,-6.55629139073,-0.00642450427052,2.59527389228
2007,35,031,121.18,82.29,1205,146023,35031,1.84074614169,7.4481291009,11.913504692,-14.5995747697,-0.0824185146319,-3.99002390583
2008,35,031,116.96,71.83,2696,315312,35031,2.03536126966,-3.48242284205,-12.7111435168,123.734439834,1.15933106428,10.572621806
2009,35,031,123.14,76.14,479,58983,35031,2.02160493827,5.28385772914,6.00027843519,-82.2329376855,-0.812937661745,-0.675866815288
2010,35,031,107.22,69.41,428,45890,35031,1.9309177352,-12.9283742082,-8.8389808248,-10.6471816284,-0.22197921435,-4.48590134294
2011,35,031,91.68,63.46,665,60969,35031,1.80586196029,-14.4935646335,-8.57225183691,55.3738317757,0.328590106777,-6.4764941886
2012,35,031,2.85,63.8,848,2418,35031,0.0558385579937,-96.8913612565,0.535770564135,27.5187969925,-0.96034050091,-96.9079276699
2013,35,031,103.61,77.48,657,68072,35031,1.67156040268,3535.43859649,21.4420062696,-22.5235849057,27.1521918941,2893.55940186
2014,35,031,96.53,64.28,498,48071,35031,1.87713907903,-6.83331724737,-17.0366546205,-24.200913242,-0.29382124809,12.2986088935
