year,state,county,loan_average_app,income_average_app,count_app,value_app,fips,income_multiple,loan_avg_app_delta,income_average_app_delta,count_app_delta,value_app_delta,income_mult_delta
2000,38,095,42.47,35.6,15,637,38095,1.49122191011,,,,,
2001,38,095,47.5,73.09,32,1520,38095,0.812354631277,11.8436543442,105.308988764,113.333333333,1.38618524333,-45.5242291058
2002,38,095,44.68,45.11,38,1698,38095,1.23808468189,-5.93684210526,-38.2815706663,18.75,0.117105263158,52.4069210935
2003,38,095,54.11,56.53,64,3463,38095,1.19648859013,21.1056401074,25.3158944802,68.4210526316,1.0394581861,-3.3597129799
2004,38,095,55.62,48.78,50,2781,38095,1.42527675277,2.79061171687,-13.7095347603,-21.875,-0.19693907017,19.1216334636
2005,38,095,50.5,49.84,44,2222,38095,1.2665529695,-9.20532182668,2.17302173022,-12.0,-0.201006832075,-11.1363482886
2006,38,095,55.71,41.32,28,1560,38095,1.68532187803,10.3168316832,-17.0947030498,-36.3636363636,-0.297929792979,33.0636711299
2007,38,095,72.28,57.8,25,1807,38095,1.56314878893,29.7433135882,39.8838334947,-10.7142857143,0.158333333333,-7.24924364247
2008,38,095,64.33,73.5,96,6176,38095,1.09404761905,-10.9988931931,27.1626297578,284.0,2.41781959048,-30.0100139668
2009,38,095,65.69,88.44,16,1051,38095,0.928454319313,2.11409917612,20.3265306122,-83.3333333333,-0.829825129534,-15.1358402369
2010,38,095,50.15,62.46,13,652,38095,1.00364233109,-23.6565687319,-29.3758480326,-18.75,-0.379638439581,8.09819182435
2011,38,095,71.59,65.71,17,1217,38095,1.36185512099,42.7517447657,5.20333013128,30.7692307692,0.866564417178,35.6912795323
2012,38,095,2.94,70.5,18,53,38095,0.0521276595745,-95.8932811845,7.28960584386,5.88235294118,-0.956450287592,-96.1723050587
2013,38,095,78.46,93.15,13,1020,38095,1.05287171229,2568.70748299,32.1276595745,-27.7777777778,18.2452830189,1919.79471338
2014,38,095,115.85,122.54,13,1506,38095,1.18175697731,47.6548559776,31.5512614063,0.0,0.476470588235,12.2413076082
