year,state,county,loan_average_app,income_average_app,count_app,value_app,fips,income_multiple,loan_avg_app_delta,income_average_app_delta,count_app_delta,value_app_delta,income_mult_delta
2000,28,087,60.27,54.06,2107,126998,28087,1.39359045505,,,,,
2001,28,087,71.17,55.33,2808,199854,28087,1.6078528827,18.0852828936,2.34924158343,33.2700522069,0.573678325643,15.3748489649
2002,28,087,79.54,58.61,2843,226121,28087,1.69638286982,11.7605732753,5.9280679559,1.24643874644,0.13143094459,5.50609997133
2003,28,087,90.3,64.49,3297,297718,28087,1.7502713599,13.5277847624,10.0324176762,15.9690467816,0.316631361085,3.17667025777
2004,28,087,86.22,62.9,3021,260479,28087,1.71343402226,-4.51827242525,-2.4654985269,-8.37124658781,-0.125081452919,-2.10466436732
2005,28,087,94.74,72.91,2695,255316,28087,1.62426278974,9.88169798191,15.9141494436,-10.7911287653,-0.0198211756034,-5.20424080288
2006,28,087,97.89,72.99,2583,252861,28087,1.67642827785,3.32488917036,0.109724317652,-4.15584415584,-0.00961553525827,3.21164090164
2007,28,087,115.66,78.7,2005,231889,28087,1.83703939009,18.15302891,7.82298945061,-22.3770809137,-0.0829388478255,9.5805537502
2008,28,087,121.45,89.42,6316,767060,28087,1.69774658913,5.00605222203,13.6213468869,215.012468828,2.3078757509,-7.58246130761
2009,28,087,132.39,90.9,1545,204544,28087,1.82054455446,9.00782214903,1.65511071349,-75.5383153895,-0.733340286288,7.23299732196
2010,28,087,128.38,82.15,1243,159577,28087,1.95343883141,-3.02892967747,-9.62596259626,-19.5469255663,-0.219840229975,7.29969923698
2011,28,087,122.17,92.39,1063,129866,28087,1.65291157052,-4.8372020564,12.4650030432,-14.4810941271,-0.186185979182,-15.3845237464
2012,28,087,2.92,89.81,1393,4064,28087,0.0406413539695,-97.6098878612,-2.79251001191,31.0442144873,-0.968706204857,-97.5412263611
2013,28,087,107.45,79.7,1347,144739,28087,1.68522584693,3579.79452055,-11.2570983187,-3.30222541278,34.6149114173,4046.57899486
2014,28,087,108.62,79.55,856,92976,28087,1.70678818353,1.08887854816,-0.188205771644,-36.4513734224,-0.35762994079,1.27949239835
