year,state,county,loan_average_app,income_average_app,count_app,value_app,fips,income_multiple,loan_avg_app_delta,income_average_app_delta,count_app_delta,value_app_delta,income_mult_delta
2000,42,067,61.22,44.43,635,38874,42067,1.72237227099,,,,,
2001,42,067,69.77,49.09,1018,71025,42067,1.77658382563,13.9660241751,10.4884087328,60.3149606299,0.827056644544,3.14749346303
2002,42,067,78.31,52.06,1042,81600,42067,1.8802823665,12.2402178587,6.05011203911,2.35756385069,0.14889123548,5.83696301734
2003,42,067,83.43,54.84,1386,115634,42067,1.90166849015,6.5381177372,5.33999231656,33.0134357006,0.417083333333,1.1373889387
2004,42,067,81.97,56.26,1058,86721,42067,1.82123178102,-1.74997003476,2.5893508388,-23.6652236652,-0.25003891589,-4.22979659983
2005,42,067,95.65,59.91,1025,98039,42067,1.99570188616,16.6890325729,6.48773551369,-3.1190926276,0.130510487656,9.57978588801
2006,42,067,89.12,58.83,983,87604,42067,1.89359170491,-6.8269733403,-1.80270405608,-4.09756097561,-0.106437234162,-5.11650472238
2007,42,067,102.86,62.45,950,97714,42067,2.05884707766,15.4174147217,6.15332313446,-3.35707019329,0.115405689238,8.7270857979
2008,42,067,102.18,64.35,2680,273852,42067,1.98484848485,-0.661092747424,3.04243394716,182.105263158,1.80258714207,-3.59417625605
2009,42,067,108.44,70.27,646,70052,42067,1.92898818842,6.12644353102,9.19968919969,-75.8955223881,-0.744197595782,-2.81433554545
2010,42,067,108.05,84.33,514,55538,42067,1.6015949247,-0.359645887127,20.0085384944,-20.4334365325,-0.207188945355,-16.972279337
2011,42,067,109.95,68.21,520,57175,42067,2.01491716757,1.75844516428,-19.1153800545,1.1673151751,0.0294753141993,25.8069151254
2012,42,067,2.96,76.49,609,1803,42067,0.0483723362531,-97.3078672124,12.1389825539,17.1153846154,-0.968465238303,-97.5992890908
2013,42,067,110.4,70.11,590,65137,42067,1.96833547283,3629.72972973,-8.34095960256,-3.11986863711,35.127010538,3969.13460315
2014,42,067,106.74,73.53,339,36185,42067,1.81456548348,-3.3152173913,4.87804878049,-42.5423728814,-0.444478560572,-7.81218402427
