year,state,county,loan_average_app,income_average_app,count_app,value_app,fips,income_multiple,loan_avg_app_delta,income_average_app_delta,count_app_delta,value_app_delta,income_mult_delta
2000,55,079,78.74,57.8,35733,2813765,55079,1.70285467128,,,,,
2001,55,079,94.49,66.42,60054,5674624,55079,1.77826708823,20.0025400051,14.9134948097,68.0631349173,1.0167370054,4.42858795986
2002,55,079,104.97,69.79,71477,7502611,55079,1.88010459951,11.0911207535,5.07377295995,19.0212142405,0.32213358982,5.72678378634
2003,55,079,109.04,71.29,94105,10261251,55079,1.91190910366,3.8772982757,2.14930505803,31.657736055,0.367690661291,1.69163482481
2004,55,079,110.68,66.1,76920,8513370,55079,2.0930408472,1.50403521643,-7.28012343947,-18.2615163913,-0.170338002647,9.47386793615
2005,55,079,116.82,67.14,87048,10169053,55079,2.17493297587,5.54752439465,1.57337367625,13.1669266771,0.194480329176,3.91259104091
2006,55,079,118.68,70.23,82252,9761301,55079,2.11234515164,1.59219311762,4.60232350313,-5.5096038967,-0.0400973423976,-2.87768979187
2007,55,079,132.4,73.78,62911,8329466,55079,2.24315532665,11.5604988204,5.05481987755,-23.5143218402,-0.146684852767,6.19265156077
2008,55,079,147.56,82.67,125980,18589972,55079,2.23116003387,11.4501510574,12.0493358634,100.251148448,1.23183238877,-0.534750876798
2009,55,079,153.85,91.88,34897,5368976,55079,2.09308336961,4.26267281106,11.1406798113,-72.2995713605,-0.711189667203,-6.18855941129
2010,55,079,157.13,97.3,29501,4635518,55079,2.01862795478,2.13194670133,5.89899869395,-15.462647219,-0.136610407646,-3.55721209745
2011,55,079,149.89,99.41,24329,3646764,55079,1.88474499547,-4.6076497168,2.16855087359,-17.531609098,-0.213299570835,-6.63237418212
2012,55,079,2.84,99.9,31530,89616,55079,0.0355355355355,-98.1052772033,0.492908158133,29.5984216367,-0.975425884428,-98.1145706384
2013,55,079,143.16,97.09,26827,3840668,55079,1.84313523535,4940.84507042,-2.81281281281,-14.9159530606,41.8569451884,5086.73831018
2014,55,079,141.89,91.95,16659,2363730,55079,1.92890157694,-0.887119307069,-5.29405706046,-37.9021135423,-0.384552374743,4.65328533417
