year,state,county,loan_average_app,income_average_app,count_app,value_app,fips,income_multiple,loan_avg_app_delta,income_average_app_delta,count_app_delta,value_app_delta,income_mult_delta
2000,53,033,180.51,96.23,87262,15751367,53033,2.34477293983,,,,,
2001,53,033,197.54,100.95,169358,33455244,53033,2.44601287766,9.43438036674,4.90491530708,94.0798973207,1.12395813011,4.31768620794
2002,53,033,209.43,103.45,209974,43974517,53033,2.53057032383,6.01903411967,2.47647350173,23.9823332822,0.314428225363,3.45695016318
2003,53,033,212.23,102.64,284209,60316256,53033,2.58464049104,1.33696223082,-0.782986950218,35.3543772086,0.371618385257,2.13667909955
2004,53,033,225.07,103.54,193498,43550346,53033,2.71718659455,6.05004005089,0.876851130164,-31.9170047395,-0.277966689444,5.12822204774
2005,53,033,240.94,108.11,205914,49613007,53033,2.78581999815,7.05113964544,4.41375313888,6.41660378919,0.139210398007,2.52589953648
2006,53,033,261.32,122.47,195181,51005520,53033,2.66718380011,8.4585373952,13.2827675516,-5.21237021281,0.028067498509,-4.25857370952
2007,53,033,303.5,134.11,167863,50945750,53033,2.82883453881,16.1411296495,9.50436841676,-13.9962393881,-0.00117183395052,6.06072737433
2008,53,033,323.66,129.95,410140,132747228,53033,3.11331281262,6.64250411862,-3.10193125047,144.33019784,1.60565852893,10.0563772786
2009,53,033,307.06,128.51,135697,41667081,53033,2.98673255,-5.12883890502,-1.10811850712,-66.9144682304,-0.686117129316,-4.06577399197
2010,53,033,311.04,135.14,116022,36087542,53033,2.87701642741,1.29616361623,5.15913158509,-14.4992151632,-0.133907604423,-3.67344985702
2011,53,033,301.34,138.92,98522,29688439,53033,2.71145263461,-3.11856995885,2.79709930443,-15.0833462619,-0.17732166408,-5.75470446472
2012,53,033,2.88,137.46,133497,384370,53033,0.0261894369271,-99.0442689321,-1.05096458393,35.4996853495,-0.9870532095,-99.0341178528
2013,53,033,317.27,139.29,112474,35684103,53033,2.84720726542,10916.3194444,1.33129637713,-15.7479194289,91.8378983792,10771.5864085
2014,53,033,355.42,145.84,69560,24723307,53033,3.04631788261,12.024458663,4.70241941274,-38.1545957288,-0.307161875416,6.99319012044
