year,state,county,loan_average_app,income_average_app,count_app,value_app,fips,income_multiple,loan_avg_app_delta,income_average_app_delta,count_app_delta,value_app_delta,income_mult_delta
2000,20,191,59.5,48.68,788,46883,20191,1.52783483977,,,,,
2001,20,191,65.19,56.63,1174,76538,20191,1.43894578845,9.56302521008,16.3311421528,48.9847715736,0.632532047864,-5.81797515051
2002,20,191,73.25,56.48,1282,93912,20191,1.62114907932,12.3638594877,-0.26487727353,9.19931856899,0.226998353759,12.6622762533
2003,20,191,78.11,62.57,1674,130752,20191,1.56045229343,6.63481228669,10.7825779037,30.5772230889,0.392282136468,-3.74405948614
2004,20,191,74.5,57.09,1590,118460,20191,1.63119635663,-4.62168736397,-8.75819082627,-5.01792114695,-0.0940100342633,4.53356142295
2005,20,191,77.18,57.81,1704,131508,20191,1.66882892233,3.59731543624,1.26116657909,7.16981132075,0.110146885024,2.30705307481
2006,20,191,74.59,64.1,1270,94725,20191,1.45456318253,-3.35579165587,10.8804705068,-25.4694835681,-0.279701615111,-12.8392872953
2007,20,191,85.56,72.49,1268,108488,20191,1.47537591392,14.7070652903,13.0889235569,-0.157480314961,0.145294272895,1.43085784391
2008,20,191,130.42,65.8,3024,394384,20191,2.47758358663,52.4310425432,-9.22885915299,138.485804416,2.63527763439,67.9289707289
2009,20,191,88.73,74.29,662,58738,20191,1.49296675192,-31.9659561417,12.9027355623,-78.1084656085,-0.851063937685,-39.7410137855
2010,20,191,91.29,71.74,533,48658,20191,1.59063981043,2.88515721853,-3.43249427918,-19.4864048338,-0.171609520242,6.5422125699
2011,20,191,86.36,76.06,486,41973,20191,1.41927425717,-5.40037243948,6.02174519097,-8.81801125704,-0.137387479962,-10.7733725849
2012,20,191,2.88,76.05,569,1639,20191,0.0473372781065,-96.665122742,-0.0131475151196,17.0781893004,-0.960951087604,-96.6646842309
2013,20,191,86.64,82.08,582,50425,20191,1.31944444444,2908.33333333,7.92899408284,2.28471001757,29.7657107993,2687.32638889
2014,20,191,89.45,78.67,455,40702,20191,1.42128511504,3.2433056325,-4.1544834308,-21.8213058419,-0.192821021319,7.71845082389
