year,state,county,loan_average_app,income_average_app,count_app,value_app,fips,income_multiple,loan_avg_app_delta,income_average_app_delta,count_app_delta,value_app_delta,income_mult_delta
2000,39,049,94.73,64.55,50100,4745772,39049,1.8344306739,,,,,
2001,39,049,110.3,75.79,81870,9029888,39049,1.81917139464,16.436187058,17.4128582494,63.4131736527,0.9027226761,-0.831826433686
2002,39,049,123.1,79.14,94927,11685320,39049,1.94433914582,11.6047144152,4.42010819369,15.9484548675,0.294071421484,6.8804814952
2003,39,049,126.59,80.27,122932,15562286,39049,1.97131555999,2.83509341998,1.42784938084,29.501617032,0.331780901165,1.3874335774
2004,39,049,124.05,74.66,94850,11765849,39049,2.07691534958,-2.00647760487,-6.98891242058,-22.8435232486,-0.243951113609,5.35681814435
2005,39,049,125.17,76.74,95091,11902212,39049,2.0388649987,0.902861749295,2.78596303241,0.254085397997,0.011589728884,-1.83206074795
2006,39,049,124.64,81.34,84669,10552870,39049,1.91541676912,-0.423424143165,5.99426635392,-10.9600277629,-0.113369010735,-6.05475250487
2007,39,049,135.49,86.42,63034,8540504,39049,1.95976047211,8.70507060334,6.24538972215,-25.552445405,-0.190693716496,2.31509422443
2008,39,049,153.46,96.37,128276,19685796,39049,1.99050534399,13.262971437,11.5135385327,103.502871466,1.3049923049,1.56880763294
2009,39,049,169.63,107.52,36012,6108557,39049,1.9720749628,10.5369477388,11.569990661,-71.9261592192,-0.689697231445,-0.925914680148
2010,39,049,168.64,112.14,40978,6910602,39049,1.87979311575,-0.583623179862,4.296875,13.7898478285,0.131298602927,-4.67942896646
2011,39,049,162.68,111.83,34801,5661339,39049,1.81838504873,-3.53415559772,-0.276440164081,-15.0739421153,-0.180774844218,-3.26674603173
2012,39,049,2.9,111.1,46547,135075,39049,0.0326282628263,-98.2173592328,-0.652776535813,33.7519036809,-0.976140803439,-98.2056461117
2013,39,049,155.58,106.44,43312,6738692,39049,1.82708568207,5264.82758621,-4.19441944194,-6.94996455196,48.8885211919,5499.70260079
2014,39,049,163.15,105.67,26874,4384572,39049,1.92994700483,4.86566396709,-0.723412251033,-37.9525304765,-0.349343759887,5.62980290203
