year,state,county,loan_average_app,income_average_app,count_app,value_app,fips,income_multiple,loan_avg_app_delta,income_average_app_delta,count_app_delta,value_app_delta,income_mult_delta
2000,37,025,87.26,56.44,7820,682382,37025,1.93258327427,,,,,
2001,37,025,105.54,65.57,10148,1071016,37025,2.01197193839,20.9488883796,16.1764705882,29.7698209719,0.569525573652,4.10790392164
2002,37,025,115.13,84.74,11545,1329151,37025,1.69828298324,9.08660223612,29.235931066,13.7662593615,0.241018808309,-15.5911197944
2003,37,025,123.76,75.97,14924,1846991,37025,2.03633013031,7.49587422913,-10.3493037527,29.2680814205,0.389602084338,19.9052307776
2004,37,025,119.63,69.85,11968,1431696,37025,2.14083750895,-3.3371040724,-8.05581150454,-19.807022246,-0.224849498455,5.13214321575
2005,37,025,120.13,74.07,14455,1736408,37025,2.02730525179,0.417955362367,6.04151753758,20.7804144385,0.212832891899,-5.30317021653
2006,37,025,123.66,81.21,16087,1989349,37025,1.90339859623,2.93848330975,9.63953017416,11.2902109997,0.145669105418,-6.11188943784
2007,37,025,150.64,87.75,14750,2221925,37025,2.14586894587,21.8178877568,8.05319541928,-8.31105861876,0.11691060744,12.738810994
2008,37,025,174.64,89.38,35808,6253628,37025,2.44238084583,15.932023367,1.85754985755,142.766101695,1.81450904058,13.8178009672
2009,37,025,185.24,94.09,8010,1483801,37025,2.46094165161,6.06962895098,5.26963526516,-77.6306970509,-0.762729570739,0.759947238166
2010,37,025,177.65,94.99,6548,1163241,37025,2.33774607853,-4.0973871734,0.956530980976,-18.252184769,-0.216039751961,-5.0060338893
2011,37,025,173.84,96.44,5897,1025126,37025,2.25321443384,-2.14466647903,1.52647647121,-9.94196701283,-0.11873291949,-3.61594637954
2012,37,025,2.93,97.62,7585,22231,37025,0.0375179266544,-98.3145421077,1.22355868934,28.6247244362,-0.978313885318,-98.3349153951
2013,37,025,170.4,95.56,7462,1271497,37025,2.2289660946,5715.6996587,-2.11022331489,-1.62162162162,56.1947730646,5841.06949228
2014,37,025,178.47,92.61,5130,915536,37025,2.40889212828,4.73591549296,-3.08706571787,-31.2516751541,-0.279954258642,8.07217454386
