year,state,county,loan_average_app,income_average_app,count_app,value_app,fips,income_multiple,loan_avg_app_delta,income_average_app_delta,count_app_delta,value_app_delta,income_mult_delta
2000,51,019,89.62,60.44,2768,248071,51019,1.85349106552,,,,,
2001,51,019,106.27,66.98,4612,490136,51019,1.98324126605,18.578442312,10.8206485771,66.6184971098,0.975789189385,7.00031432273
2002,51,019,118.6,70.7,5422,643029,51019,2.09688826025,11.6025218782,5.55389668558,17.5628794449,0.31193995136,5.73036655451
2003,51,019,128.59,75.89,6991,898989,51019,2.11803267888,8.42327150084,7.34087694484,28.9376613796,0.398053587008,1.00837126248
2004,51,019,133.87,72.28,5638,754781,51019,2.3151286663,4.10607356715,-4.75688496508,-19.3534544414,-0.160411306479,9.30561597968
2005,51,019,151.61,81.73,5931,899185,51019,2.31876300012,13.2516620602,13.0741560598,5.19687832565,0.19131907136,0.15698193701
2006,51,019,154.7,84.86,5752,889837,51019,2.27875324063,2.03812413429,3.8296831029,-3.01804080256,-0.0103960808955,-1.72547860599
2007,51,019,175.43,89.81,5296,929076,51019,2.44168244071,13.4001292825,5.83313693142,-7.92767732962,0.0440968402078,7.1499273011
2008,51,019,186.19,94.41,14112,2627480,51019,2.46517847686,6.13350054153,5.12192406191,166.465256798,1.82805712342,0.962288779096
2009,51,019,204.72,103.91,3610,739028,51019,2.46270811279,9.95219936624,10.0624933799,-74.4189342404,-0.718731255804,-0.100210353512
2010,51,019,199.77,106.3,3204,640050,51019,2.34912982126,-2.41793669402,2.30006736599,-11.2465373961,-0.133929972883,-4.61192664041
2011,51,019,194.78,111.52,2622,510706,51019,2.18324067432,-2.49787255344,4.91063029163,-18.1647940075,-0.202084212171,-7.06172751462
2012,51,019,2.96,105.53,3220,9537,51019,0.0350611200606,-98.4803367902,-5.3712338594,22.8070175439,-0.981325850881,-98.3940790187
2013,51,019,188.5,101.28,3028,570786,51019,2.32647116904,6268.24324324,-4.02729081778,-5.96273291925,58.849638251,6535.47303969
2014,51,019,190.03,97.75,1691,321334,51019,2.4300511509,0.811671087533,-3.48538704581,-44.1545574637,-0.437032442982,4.45223578256
