year,state,county,loan_average_app,income_average_app,count_app,value_app,fips,income_multiple,loan_avg_app_delta,income_average_app_delta,count_app_delta,value_app_delta,income_mult_delta
2000,48,221,83.03,74.15,2522,209393,48221,1.39969656102,,,,,
2001,48,221,102.65,82.39,3188,327254,48221,1.55737953635,23.6300132482,11.1126095752,26.4076130056,0.562869818953,11.2655113771
2002,48,221,110.69,87.02,3231,357628,48221,1.59000804413,7.83244033122,5.61961403083,1.34880803011,0.092814755511,2.0950903113
2003,48,221,116.77,93.4,4623,539824,48221,1.56276766595,5.49281777938,7.33164789704,43.0826369545,0.509456753945,-1.71322266422
2004,48,221,116.8,100.53,3657,427134,48221,1.45230279519,0.0256915303588,7.63383297645,-20.8955223881,-0.208753223273,-7.06854084417
2005,48,221,123.63,99.72,3493,431833,48221,1.54971419976,5.84760273973,-0.805729632945,-4.48455017774,0.0110012314637,6.70737568617
2006,48,221,133.5,112.09,3301,440696,48221,1.48875903292,7.98349915069,12.4047332531,-5.49670770112,0.0205241378033,-3.93331666244
2007,48,221,152.94,109.84,2987,456826,48221,1.74048616169,14.5617977528,-2.00731555,-9.51226900939,0.0366011944742,16.9085206674
2008,48,221,177.35,126.55,7692,1364200,48221,1.75177795338,15.9605073885,15.2130371449,157.515902243,1.98625734963,0.648772276214
2009,48,221,183.44,121.07,1994,365786,48221,1.89394565128,3.4338877925,-4.33030422758,-74.0769630785,-0.731867761325,8.11562319436
2010,48,221,186.14,127.52,1890,351808,48221,1.82461574655,1.47187091147,5.32749648963,-5.21564694082,-0.0382136003018,-3.66060687538
2011,48,221,175.91,116.79,1630,286736,48221,1.88275965408,-5.49586332868,-8.4143663739,-13.7566137566,-0.184964526105,3.18663848212
2012,48,221,2.93,114.14,2010,5892,48221,0.0320877869283,-98.3343755329,-2.2690298827,23.3128834356,-0.979451481502,-98.2957045601
2013,48,221,165.6,116.06,2064,341801,48221,1.78356022747,5551.87713311,1.68214473454,2.68656716418,57.0110319077,5458.37718398
2014,48,221,157.43,105.72,1297,204193,48221,1.86140276201,-4.93357487923,-8.90918490436,-37.1608527132,-0.40259683266,4.36444664696
