year,state,county,loan_average_app,income_average_app,count_app,value_app,fips,income_multiple,loan_avg_app_delta,income_average_app_delta,count_app_delta,value_app_delta,income_mult_delta
2000,51,730,53.08,43.52,1301,69051,51730,1.52458639706,,,,,
2001,51,730,60.13,49.1,1856,111605,51730,1.53080448065,13.281838734,12.8216911765,42.6594926979,0.616269134408,0.407853802507
2002,51,730,68.71,52.71,1835,126078,51730,1.62943464238,14.2690836521,7.35234215886,-1.13146551724,0.129680569867,6.44302802727
2003,51,730,76.16,54.17,2043,155605,51730,1.75743031198,10.8426721001,2.76987288939,11.3351498638,0.234196291185,7.85521961229
2004,51,730,79.61,55.65,2509,199737,51730,1.78818508535,4.52993697479,2.73213956064,22.8095937347,0.283615565053,1.74998537151
2005,51,730,82.04,56.0,2937,240965,51730,1.83125,3.05238035423,0.62893081761,17.0585890793,0.206411431032,2.40830297701
2006,51,730,90.21,62.32,3182,287045,51730,1.80941110398,9.95855680156,11.2857142857,8.3418454205,0.191231091652,-1.19256770078
2007,51,730,107.94,65.97,2634,284322,51730,2.04524783993,19.6541403392,5.8568677792,-17.2218730358,-0.00948631747635,13.0338945875
2008,51,730,108.46,69.01,5128,556196,51730,1.96457035212,0.481749119881,4.60815522207,94.6848899013,0.956218653498,-3.94463136591
2009,51,730,101.32,65.13,661,66974,51730,1.94457239367,-6.58307210031,-5.62237356905,-87.1099843994,-0.879585613705,-1.0179303799
2010,51,730,95.83,78.33,395,37853,51730,1.52926720286,-5.41847611528,20.2671579917,-40.2420574887,-0.434810523487,-21.3571473176
2011,51,730,92.02,69.02,405,37269,51730,1.66654592872,-3.97579046228,-11.8856121537,2.53164556962,-0.0154281034528,8.97676518531
2012,51,730,2.96,80.16,424,1254,51730,0.0461576846307,-96.7833079765,16.1402492031,4.69135802469,-0.966352732834,-97.2303382802
2013,51,730,87.93,74.15,515,45285,51730,1.48229939312,2870.60810811,-7.49750499002,21.4622641509,35.1124401914,3111.38160413
2014,51,730,81.62,76.09,322,26281,51730,1.34084636615,-7.17616285682,2.61631827377,-37.4757281553,-0.419653306834,-9.54281082709
