year,state,county,loan_average_app,income_average_app,count_app,value_app,fips,income_multiple,loan_avg_app_delta,income_average_app_delta,count_app_delta,value_app_delta,income_mult_delta
2000,51,095,133.01,84.42,2365,314578,51095,1.96946813551,,,,,
2001,51,095,148.85,93.65,3832,570409,51095,1.98678590497,11.9088790317,10.9334280976,62.0295983087,0.813251403468,0.879311989878
2002,51,095,159.0,94.76,5239,832982,51095,2.09740396792,6.81894524689,1.1852642819,36.7171189979,0.460324083246,5.56768913436
2003,51,095,172.48,93.72,7542,1300839,51095,2.30046948357,8.47798742138,-1.09750949768,43.9587707578,0.561665198047,9.68175510084
2004,51,095,186.08,97.01,5701,1060826,51095,2.39769095969,7.88497217069,3.51045667947,-24.40997083,-0.184506307083,4.22615804388
2005,51,095,211.55,102.9,6574,1390727,51095,2.56984936832,13.687661221,6.0715390166,15.3131029644,0.310985024877,7.18017507335
2006,51,095,221.54,106.3,6237,1381771,51095,2.60512699906,4.72228787521,3.30417881438,-5.12625494372,-0.00643979731464,1.37275091589
2007,51,095,236.02,107.86,5497,1297395,51095,2.73525866864,6.53606572177,1.46754468485,-11.8646785313,-0.0610636639501,4.99521403879
2008,51,095,242.59,112.6,14580,3536932,51095,2.69305062167,2.78366240149,4.39458557389,165.235583045,1.72617976792,-1.54310988788
2009,51,095,249.99,114.82,4768,1191946,51095,2.72154241421,3.05041427924,1.97158081705,-67.2976680384,-0.663000023749,1.05797463719
2010,51,095,245.23,118.44,3725,913466,51095,2.58812478892,-1.90407616305,3.15276084306,-21.875,-0.233634745198,-4.90227984668
2011,51,095,249.52,121.47,3231,806213,51095,2.56771219231,1.74937813481,2.55825734549,-13.2617449664,-0.117413237055,-0.788702179245
2012,51,095,2.92,125.83,4249,12395,51095,0.0290073909243,-98.829753126,3.58936362888,31.50727329,-0.984625651038,-98.8703020918
2013,51,095,240.27,121.5,3680,884182,51095,2.47191358025,8128.42465753,-3.44115075896,-13.3913862085,70.3337636144,8421.66810418
2014,51,095,248.35,116.02,1975,490499,51095,2.6757240131,3.36288342282,-4.51028806584,-46.3315217391,-0.445251090839,8.24504685289
