year,state,county,loan_average_app,income_average_app,count_app,value_app,fips,income_multiple,loan_avg_app_delta,income_average_app_delta,count_app_delta,value_app_delta,income_mult_delta
2000,06,073,181.04,99.83,146613,26543431,06073,2.26685365121,,,,,
2001,06,073,207.18,103.61,285936,59239137,06073,2.4995174211,14.4387980557,3.7864369428,95.0277260543,1.23178145282,10.2637313956
2002,06,073,232.75,110.99,386053,89854631,06073,2.62129471124,12.3419248962,7.12286458836,35.0137793073,0.516811951531,4.87203206143
2003,06,073,252.71,109.51,512756,129577021,06073,2.88455392202,8.57572502685,-1.33345346428,32.8201050115,0.442073931615,10.0430985365
2004,06,073,311.02,120.47,375100,116663646,06073,3.22715198805,23.07387915,10.0082184275,-26.8462972642,-0.0996579092523,11.8769860191
2005,06,073,349.07,134.92,361877,126321797,06073,3.23404610139,12.2339399396,11.9946874741,-3.52519328179,0.082786294884,0.213628405856
2006,06,073,351.75,152.78,301657,106108063,06073,2.87791268491,0.767754318618,13.2374740587,-16.641013383,-0.160017783788,-11.0120080333
2007,06,073,368.28,158.38,224919,82832765,06073,2.9066169971,4.69936034115,3.66540123053,-25.4388262165,-0.219354659221,0.997400384652
2008,06,073,347.18,147.36,433124,150374068,06073,2.94499864278,-5.7293363745,-6.95794923601,92.5688803525,0.815393558334,1.32049202638
2009,06,073,329.79,141.78,131237,43280979,06073,2.90758569615,-5.00892908578,-3.78664495114,-69.699901183,-0.712177906898,-1.27038926562
2010,06,073,341.6,146.37,132190,45155514,06073,2.91726446676,3.58106673944,3.23741007194,0.726167163224,0.0433108271419,0.332879977576
2011,06,073,338.51,149.31,128268,43419952,06073,2.83395284978,-0.904566744731,2.00860832138,-2.96694152356,-0.0384352174576,-2.85581296917
2012,06,073,2.93,143.4,178339,522237,06073,0.025540446304,-99.134442114,-3.95820775568,39.0362366296,-0.987972418763,-99.09876954
2013,06,073,343.55,143.85,148082,50873976,06073,2.98531456378,11625.2559727,0.313807531381,-16.9660029494,96.4154952636,11588.5763398
2014,06,073,381.87,149.48,87210,33303121,06073,3.19332017661,11.154126037,3.91379909628,-41.1069542551,-0.345380022981,6.96762797978
