year,state,county,loan_average_app,income_average_app,count_app,value_app,fips,income_multiple,loan_avg_app_delta,income_average_app_delta,count_app_delta,value_app_delta,income_mult_delta
2000,18,141,68.68,52.13,13005,893190,18141,1.64684442739,,,,,
2001,18,141,83.16,62.26,18659,1551604,18141,1.66961130742,21.0832847991,19.4321887589,43.475586313,0.737148870901,1.38245481168
2002,18,141,90.43,63.85,19559,1768752,18141,1.77036021926,8.74218374218,2.55380661741,4.82340961466,0.139950657513,6.03427345009
2003,18,141,95.76,67.61,25140,2407389,18141,1.77044815856,5.89406170519,5.8888018794,28.534178639,0.361066446851,0.00496731069586
2004,18,141,93.81,62.11,19699,1847970,18141,1.88798100145,-2.03634085213,-8.13489128827,-21.6428003182,-0.232375822935,6.63859273849
2005,18,141,97.55,65.04,20201,1970623,18141,1.87480781058,3.98678179299,4.71743680567,2.54835270826,0.0663717484591,-0.697739588525
2006,18,141,95.06,68.41,18543,1762677,18141,1.73695366175,-2.55253716043,5.18142681427,-8.20751447948,-0.105522974207,-7.35297495855
2007,18,141,103.37,75.13,13045,1348499,18141,1.71985225609,8.74184725437,9.82312527408,-29.6500026964,-0.23497101284,-0.984563148261
2008,18,141,115.28,80.38,29296,3377368,18141,1.79273451107,11.5217181,6.98788766139,124.576466079,1.50453875012,4.23770441472
2009,18,141,126.51,88.73,9135,1155669,18141,1.7822326158,9.74149895906,10.3881562578,-68.8182687056,-0.657819639435,-0.585803151934
2010,18,141,131.02,89.89,7423,972552,18141,1.82194904884,3.56493557822,1.30733686465,-18.7411056377,-0.158451078985,2.22846516693
2011,18,141,132.01,93.62,6204,819011,18141,1.76257744072,0.75560983056,4.1495160752,-16.4219318335,-0.15787433474,-3.25868652351
2012,18,141,2.88,90.77,8348,24014,18141,0.0396606808417,-97.8183470949,-3.04422132023,34.558349452,-0.970679270486,-97.7498474719
2013,18,141,120.83,83.09,7241,874904,18141,1.81775785293,4095.48611111,-8.46094524623,-13.2606612362,35.4330807029,4483.27445307
2014,18,141,124.91,86.98,4462,557346,18141,1.79509657393,3.37664487296,4.6816704778,-38.3786769783,-0.362963250825,-1.24666104283
