year,state,county,loan_average_app,income_average_app,count_app,value_app,fips,income_multiple,loan_avg_app_delta,income_average_app_delta,count_app_delta,value_app_delta,income_mult_delta
2000,45,071,59.56,40.37,2183,130025,45071,1.84419123111,,,,,
2001,45,071,73.06,47.0,2345,171333,45071,1.94308510638,22.6662189389,16.4230864503,7.42098030234,0.317692751394,5.36245230985
2002,45,071,83.83,53.26,2065,173106,45071,1.96747089748,14.7413085136,13.3191489362,-11.9402985075,0.0103482691601,1.25500375773
2003,45,071,89.9,57.1,2538,228171,45071,1.9680385289,7.24084456638,7.20991363124,22.9055690073,0.318099892551,0.0288508162107
2004,45,071,89.22,57.6,2004,178800,45071,1.93619791667,-0.756395995551,0.875656742557,-21.0401891253,-0.216377190791,-1.61788561364
2005,45,071,99.97,62.16,2121,212035,45071,2.01033622909,12.0488679668,7.91666666667,5.83832335329,0.185878076063,3.82906684184
2006,45,071,105.91,66.01,2070,219241,45071,2.00556733828,5.94178253476,6.19369369369,-2.4045261669,0.033984955314,-0.237218567479
2007,45,071,115.32,70.74,1897,218759,45071,2.03774385072,8.88490227552,7.16558097258,-8.35748792271,-0.00219849389485,1.60435961559
2008,45,071,126.41,73.61,4784,604760,45071,2.14661730743,9.6167186958,4.05711054566,152.187664734,1.76450340329,5.34284309932
2009,45,071,147.61,82.28,1003,148052,45071,2.24249513855,16.770825093,11.7782909931,-79.0342809365,-0.75518883524,4.46646129183
2010,45,071,152.18,87.37,787,119762,45071,2.17723474877,3.09599620622,6.18619348566,-21.5353938185,-0.191081511901,-2.91016861797
2011,45,071,144.31,84.46,760,109673,45071,2.13577433104,-5.17150742542,-3.33066269887,-3.43074968234,-0.0842420801256,-1.90426952118
2012,45,071,2.96,85.42,969,2867,45071,0.0433153828143,-97.9488600929,1.13663272555,27.5,-0.97385865254,-97.9719120047
2013,45,071,131.57,78.16,868,114203,45071,2.10417732856,4344.93243243,-8.49918051978,-10.4231166151,38.8336239972,4757.80614609
2014,45,071,124.52,83.86,557,69358,45071,1.85606963988,-5.35836436878,7.29273285568,-35.8294930876,-0.392677950667,-11.7911967453
