year,state,county,loan_average_app,income_average_app,count_app,value_app,fips,income_multiple,loan_avg_app_delta,income_average_app_delta,count_app_delta,value_app_delta,income_mult_delta
2000,48,247,40.14,35.55,106,4255,48247,1.41139240506,,,,,
2001,48,247,44.76,40.83,116,5192,48247,1.37031594416,11.509715994,14.8523206751,9.43396226415,0.220211515864,-2.91035014481
2002,48,247,48.14,45.23,81,3899,48247,1.33042228609,7.55138516533,10.7763899094,-30.1724137931,-0.249036979969,-2.91127445721
2003,48,247,58.59,58.74,98,5742,48247,1.24680796731,21.7075197341,29.8695556047,20.987654321,0.472685303924,-6.28479541073
2004,48,247,76.22,71.35,130,9908,48247,1.33531885074,30.0904591227,21.467483827,32.6530612245,0.725531173807,7.09899886291
2005,48,247,77.14,72.25,106,8177,48247,1.33460207612,1.20703227499,1.26138752628,-18.4615384615,-0.174707307226,-0.0536781616501
2006,48,247,76.37,60.26,116,8859,48247,1.5841769001,-0.998185117967,-16.5951557093,9.43396226415,0.08340467164,18.7003173785
2007,48,247,88.65,77.05,78,6915,48247,1.43818948735,16.0796124133,27.8625954198,-32.7586206897,-0.219437859804,-9.21534790367
2008,48,247,84.08,67.15,248,20852,48247,1.56515264334,-5.15510434292,-12.8487994809,217.948717949,2.0154736081,8.82798526252
2009,48,247,70.03,60.26,34,2381,48247,1.45266345835,-16.7102759277,-10.2606105733,-86.2903225806,-0.885814310378,-7.18710634823
2010,48,247,83.03,69.38,32,2657,48247,1.49592822139,18.5634727974,15.1344175241,-5.88235294118,0.115917681646,2.97830600706
2011,48,247,121.0,62.42,19,2299,48247,2.42310157001,45.7304588703,-10.0317094263,-40.625,-0.134738426797,61.9798019292
2012,48,247,2.67,110.0,27,72,48247,0.0303409090909,-97.7933884298,76.225568728,42.1052631579,-0.968682035668,-98.7478482344
2013,48,247,78.11,72.46,28,2187,48247,1.34746756831,2825.46816479,-34.1272727273,3.7037037037,29.375,4341.09161092
2014,48,247,78.59,65.07,27,2122,48247,1.50972030121,0.614517987454,-10.198730334,-3.57142857143,-0.0297210791038,12.0413089499
