year,state,county,loan_average_app,income_average_app,count_app,value_app,fips,income_multiple,loan_avg_app_delta,income_average_app_delta,count_app_delta,value_app_delta,income_mult_delta
2000,47,159,65.21,42.08,766,49953,47159,1.93708412548,,,,,
2001,47,159,73.53,45.8,894,65740,47159,2.0068231441,12.7587793283,8.84030418251,16.7101827676,0.31603707485,3.6002059855
2002,47,159,77.37,46.65,791,61202,47159,2.0731511254,5.22235822113,1.85589519651,-11.5212527964,-0.0690295101917,3.30512339824
2003,47,159,87.82,56.33,971,85272,47159,1.94878395171,13.5065270777,20.7502679528,22.7560050569,0.393287801052,-5.99894393443
2004,47,159,86.94,54.25,992,86240,47159,2.00322580645,-1.00204964701,-3.69252618498,2.16271884655,0.0113519091847,2.79363213611
2005,47,159,89.87,52.81,1248,112153,47159,2.12720128763,3.37014032666,-2.65437788018,25.8064516129,0.30047541744,6.18879213636
2006,47,159,93.86,54.13,1214,113947,47159,2.16746720857,4.43974630021,2.49952660481,-2.72435897436,0.0159960054568,1.89290600617
2007,47,159,102.26,58.46,1095,111978,47159,2.18653780363,8.94949925421,7.99926103824,-9.80230642504,-0.0172799634918,0.879856220156
2008,47,159,105.55,61.4,2888,304836,47159,2.14881921824,3.21728926266,5.02907971262,163.744292237,1.7222847345,-1.72503696587
2009,47,159,112.69,63.7,732,82491,47159,2.2113422292,6.76456655613,3.74592833876,-74.6537396122,-0.729392197772,2.90964500073
2010,47,159,100.3,59.48,496,49748,47159,2.10785137861,-10.9947643979,-6.62480376766,-32.2404371585,-0.396928149738,-4.6800015492
2011,47,159,105.86,67.23,406,42981,47159,1.96824334375,5.54336989033,13.0295897781,-18.1451612903,-0.136025568867,-6.62323901418
2012,47,159,2.97,65.85,459,1364,47159,0.0563781321185,-97.1944077083,-2.0526550647,13.0541871921,-0.968265047347,-97.1356116967
2013,47,159,112.74,86.06,489,55129,47159,1.63752033465,3695.95959596,30.6909643128,6.53594771242,39.4171554252,2804.53101782
2014,47,159,112.85,72.68,352,39724,47159,1.94087094111,0.0975696292354,-15.5472925866,-28.0163599182,-0.279435505814,18.5249978301
