year,state,county,loan_average_app,income_average_app,count_app,value_app,fips,income_multiple,loan_avg_app_delta,income_average_app_delta,count_app_delta,value_app_delta,income_mult_delta
2000,21,107,49.89,41.3,1736,86601,21107,1.50998789346,,,,,
2001,21,107,60.04,47.69,2030,121887,21107,1.57370517928,20.3447584686,15.4721549637,16.935483871,0.407454879274,4.21972163461
2002,21,107,64.37,51.45,2037,131124,21107,1.56389698737,7.21185876083,7.88425246383,0.344827586207,0.0757833074897,-0.623254726846
2003,21,107,80.41,58.06,2430,195398,21107,1.7311832587,24.9184402672,12.8474246842,19.293078056,0.490177236814,10.6967576946
2004,21,107,68.48,54.34,2118,145048,21107,1.57526683842,-14.8364631265,-6.40716500172,-12.8395061728,-0.257679198354,-9.00634981824
2005,21,107,75.27,56.12,1925,144894,21107,1.67654133999,9.91530373832,3.27567169672,-9.11237016053,-0.00106171750041,6.42903786779
2006,21,107,77.69,59.71,1895,147232,21107,1.62640261263,3.21509233426,6.39700641483,-1.55844155844,0.0161359338551,-2.99060489367
2007,21,107,83.72,63.39,1747,146265,21107,1.65089130778,7.76161668168,6.16312175515,-7.81002638522,-0.00656786568137,1.50569698791
2008,21,107,85.82,67.05,3912,335716,21107,1.59992542878,2.50836120401,5.77378135353,123.92673154,1.29525860595,-3.08717350153
2009,21,107,97.13,78.43,1018,98876,21107,1.54803646564,13.178746213,16.9724086503,-73.9775051125,-0.705477248627,-3.24321135303
2010,21,107,93.93,74.13,1123,105482,21107,1.58387292594,-3.29455369093,-5.48259594543,10.3143418468,0.0668109551357,2.31496228275
2011,21,107,89.35,73.93,972,86845,21107,1.51071959962,-4.87597146811,-0.269796303791,-13.446126447,-0.176684173603,-4.61863607374
2012,21,107,2.92,75.27,1051,3074,21107,0.0484920951242,-96.7319529938,1.81252536183,8.12757201646,-0.964603604122,-96.7901326536
2013,21,107,91.62,72.88,954,87406,21107,1.57141877058,3037.67123288,-3.17523581772,-9.22930542341,27.4339622642,3140.56687292
2014,21,107,96.18,71.09,763,73384,21107,1.69116612744,4.97707924034,-2.45609220637,-20.0209643606,-0.160423769535,7.62033387306
