year,state,county,loan_average_app,income_average_app,count_app,value_app,fips,income_multiple,loan_avg_app_delta,income_average_app_delta,count_app_delta,value_app_delta,income_mult_delta
2000,47,073,52.94,38.25,3639,192647,47073,1.73006535948,,,,,
2001,47,073,64.79,42.71,3806,246579,47073,1.89621868415,22.3838307518,11.660130719,4.58917284968,0.279952451894,9.60387558549
2002,47,073,70.29,45.24,3546,249231,47073,1.94214190981,8.48896434635,5.92367127137,-6.83131897005,0.0107551737983,2.42183172486
2003,47,073,75.7,48.78,4293,324972,47073,1.93983189832,7.69668516147,7.824933687,21.0659898477,0.303898792686,-0.11894143696
2004,47,073,80.05,49.37,3640,291378,47073,2.02678752279,5.7463672391,1.20951209512,-15.2108082926,-0.103375060005,4.482637106
2005,47,073,86.29,53.07,3592,309968,47073,2.03245713209,7.79512804497,7.49442981568,-1.31868131868,0.0638002869125,0.279733777657
2006,47,073,92.64,56.08,3269,302850,47073,2.06490727532,7.3589060146,5.67175428679,-8.99220489978,-0.022963660765,1.59659668679
2007,47,073,104.06,57.49,2747,285865,47073,2.26256740303,12.3272884283,2.51426533524,-15.9681859896,-0.0560838699026,9.57234884433
2008,47,073,107.09,59.11,7376,789884,47073,2.26463373372,2.91178166442,2.81788137067,168.511103021,1.76313644552,0.0913268125149
2009,47,073,113.63,66.17,1783,202611,47073,2.14655432976,6.10701279298,11.9438335307,-75.8270065076,-0.743492715386,-5.21406186802
2010,47,073,110.06,61.74,1423,156621,47073,2.22829608034,-3.14177593945,-6.6948768324,-20.1906898486,-0.226986688778,3.80804480218
2011,47,073,103.83,60.37,1369,142146,47073,2.14986748385,-5.66054879157,-2.21898283123,-3.7947997189,-0.0924205566303,-3.51966676149
2012,47,073,2.96,61.36,1592,4711,47073,0.0602998696219,-97.1491861697,1.63988736127,16.2892622352,-0.96685801922,-97.1951820252
2013,47,073,102.16,58.94,1604,163862,47073,2.16661011198,3351.35135135,-3.94393741851,0.753768844221,33.7828486521,3493.05936408
2014,47,073,103.91,60.91,1067,110868,47073,2.13244951568,1.71299921691,3.34238208347,-33.4788029925,-0.323406280895,-1.57668406099
