year,state,county,loan_average_app,income_average_app,count_app,value_app,fips,income_multiple,loan_avg_app_delta,income_average_app_delta,count_app_delta,value_app_delta,income_mult_delta
2000,12,105,67.08,53.26,24563,1647701,12105,1.57435223432,,,,,
2001,12,105,78.21,58.86,30921,2418244,12105,1.66093272171,16.5921288014,10.5144573789,25.8844603672,0.467647346211,5.49943560931
2002,12,105,86.7,63.08,32966,2858185,12105,1.71805643627,10.8553893364,7.16955487598,6.61362827852,0.18192581063,3.43925517344
2003,12,105,95.58,67.07,46718,4465503,12105,1.78134784553,10.2422145329,6.32530120482,41.7157070922,0.562356180583,3.68389582128
2004,12,105,102.48,68.23,46404,4755412,12105,1.87747325224,7.21908349027,1.72953630535,-0.672117813263,0.064921913612,5.39621764169
2005,12,105,123.34,75.61,67460,8320310,12105,2.03908213199,20.3551912568,10.8163564414,45.3753986725,0.749650713755,8.60778599991
2006,12,105,143.18,82.86,71378,10220064,12105,2.15996862177,16.0856169937,9.5886787462,5.80788615476,0.22832730992,5.92847575298
2007,12,105,156.3,84.06,49235,7695506,12105,2.32423269094,9.16329096242,1.44822592324,-31.0221636919,-0.247019783829,7.6049284933
2008,12,105,150.91,86.25,76788,11588424,12105,2.18710144928,-3.44849648113,2.60528194147,55.9622219965,0.505869009783,-5.90006509221
2009,12,105,139.31,87.92,11774,1640225,12105,1.98063580528,-7.68670068253,1.93623188406,-84.6668750326,-0.858460045991,-9.4401493843
2010,12,105,132.71,89.49,8862,1176040,12105,1.85369873729,-4.7376354892,1.78571428571,-24.7324613555,-0.283000807816,-6.40890504202
2011,12,105,127.47,93.45,7740,986641,12105,1.70505617978,-3.94845904604,4.42507542742,-12.6607989167,-0.161048093602,-8.0187009099
2012,12,105,2.88,90.97,13634,39301,12105,0.0395734857645,-97.7406448576,-2.65382557517,76.149870801,-0.960166869206,-97.6790509173
2013,12,105,132.71,89.23,14706,1951604,12105,1.85910007845,4507.98611111,-1.91271847862,7.86269620067,48.657871301,4597.8426149
2014,12,105,131.97,85.86,10021,1322451,12105,1.9212962963,-0.557606811845,-3.77675669618,-31.857745138,-0.322377388036,3.34550132983
