year,state,county,loan_average_app,income_average_app,count_app,value_app,fips,income_multiple,loan_avg_app_delta,income_average_app_delta,count_app_delta,value_app_delta,income_mult_delta
2000,13,171,84.2,53.87,707,59531,13171,1.95377761277,,,,,
2001,13,171,90.09,60.7,856,77113,13171,1.8552306425,6.99524940618,12.6786708743,21.0749646393,0.295341922696,-5.04391951383
2002,13,171,97.5,57.51,935,91163,13171,2.11919666145,8.22510822511,-5.25535420099,9.22897196262,0.182200147835,14.228204995
2003,13,171,111.49,61.12,1029,114722,13171,2.28014561518,14.3487179487,6.27716918797,10.0534759358,0.258427212795,7.594809706
2004,13,171,108.31,62.16,1123,121630,13171,2.1780485843,-2.85227374652,1.70157068063,9.13508260447,0.060215128746,-4.47765397985
2005,13,171,110.22,61.33,1192,131386,13171,2.24645361161,1.76345674453,-1.33526383526,6.14425645592,0.0802104743895,3.14065663199
2006,13,171,113.74,66.57,1143,130003,13171,2.13572179661,3.19361277445,8.54394260558,-4.11073825503,-0.010526235672,-4.92918324385
2007,13,171,124.46,66.49,993,123584,13171,2.33982553767,9.42500439599,-0.120174252666,-13.1233595801,-0.0493757836358,9.55666329735
2008,13,171,119.69,67.4,2276,272412,13171,2.21977002967,-3.83255664471,1.36862686118,129.204431017,1.20426592439,-5.13095981167
2009,13,171,123.76,66.97,514,63614,13171,2.30998954756,3.40045116551,-0.637982195846,-77.4165202109,-0.766478716062,4.06436327543
2010,13,171,122.83,66.22,371,45571,13171,2.31859710057,-0.751454427925,-1.11990443482,-27.8210116732,-0.283632533719,0.37262302872
2011,13,171,117.26,70.58,300,35178,13171,2.07672145084,-4.53472278759,6.58411356086,-19.1374663073,-0.228061705909,-10.4319827571
2012,13,171,2.96,70.29,393,1164,13171,0.0526390667236,-97.4756950367,-0.410881269481,31.0,-0.966911137643,-97.4652803484
2013,13,171,119.27,69.35,375,44728,13171,2.14978370584,3929.39189189,-1.33731683027,-4.58015267176,37.4261168385,3984.00801847
2014,13,171,106.69,64.93,207,22085,13171,2.05394270753,-10.5474972751,-6.37346791637,-44.8,-0.506237703452,-4.45816935203
