year,state,county,loan_average_app,income_average_app,count_app,value_app,fips,income_multiple,loan_avg_app_delta,income_average_app_delta,count_app_delta,value_app_delta,income_mult_delta
2000,26,047,119.44,98.48,2008,239843,26047,1.51604386677,,,,,
2001,26,047,147.89,113.78,2847,421030,26047,1.62473633327,23.8194909578,15.536149472,41.7828685259,0.755440017011,7.1694803087
2002,26,047,173.91,135.59,2885,501741,26047,1.60327089018,17.59415782,19.1685709263,1.33473832104,0.191698928817,-1.32116471156
2003,26,047,178.18,139.32,4156,740519,26047,1.59865776629,2.45529296763,2.75094033483,44.0554592721,0.475898919961,-0.287732030717
2004,26,047,186.05,126.51,3022,562231,26047,1.83829341554,4.41688180492,-9.19465977606,-27.2858517806,-0.240760871767,14.9898029647
2005,26,047,197.29,124.47,2781,548676,26047,1.98130071503,6.041386724,-1.61252074935,-7.97485109199,-0.0241093073843,7.77935112439
2006,26,047,206.64,142.9,2589,534991,26047,1.80755773268,4.73921638198,14.8067807504,-6.90399137001,-0.0249418600413,-8.76913741732
2007,26,047,201.24,133.94,2006,403685,26047,1.8780797372,-2.61324041812,-6.27011896431,-22.5183468521,-0.245435904529,3.90150772175
2008,26,047,226.55,160.33,5248,1188928,26047,1.76627892472,12.5770224607,19.7028520233,161.615154536,1.94518746052,-5.95293214999
2009,26,047,219.97,156.99,1538,338320,26047,1.75146506147,-2.90443610682,-2.083203393,-70.693597561,-0.71544113689,-0.838704637279
2010,26,047,216.07,155.97,1555,335990,26047,1.73166314035,-1.77296904123,-0.649722912287,1.10533159948,-0.00688697091511,-1.1305918432
2011,26,047,231.46,205.43,1304,301824,26047,1.40838728521,7.12269172028,31.7112265179,-16.1414790997,-0.101687550225,-18.6685185824
2012,26,047,2.93,174.29,1519,4458,26047,0.0210138275288,-98.7341225266,-15.1584481332,16.4877300613,-0.985229802799,-98.5079510622
2013,26,047,208.09,162.9,1443,300270,26047,1.59676181707,7002.04778157,-6.53508520282,-5.00329163924,66.3553162853,7498.62435758
2014,26,047,212.59,175.45,690,146687,26047,1.51460530066,2.16252583017,7.70411295273,-52.182952183,-0.511482998635,-5.14519545321
