year,state,county,loan_average_app,income_average_app,count_app,value_app,fips,income_multiple,loan_avg_app_delta,income_average_app_delta,count_app_delta,value_app_delta,income_mult_delta
2000,17,135,49.19,43.46,869,42746,17135,1.41480671882,,,,,
2001,17,135,59.57,51.34,1136,67670,17135,1.4503798208,21.1018499695,18.1316152784,30.7249712313,0.583072100313,2.51434358541
2002,17,135,65.36,55.95,989,64639,17135,1.46023235031,9.71965754574,8.97935333074,-12.9401408451,-0.0447908970001,0.679306852521
2003,17,135,69.99,58.47,1387,97073,17135,1.49628014366,7.08384332925,4.50402144772,40.242669363,0.501771376414,2.4686340734
2004,17,135,71.12,60.25,1284,91322,17135,1.4755186722,1.61451635948,3.04429622028,-7.42609949531,-0.0592440740474,-1.3875390616
2005,17,135,74.17,54.55,1146,85004,17135,1.69958753437,4.2885264342,-9.46058091286,-10.7476635514,-0.0691837673288,15.185769343
2006,17,135,78.57,59.96,1141,89651,17135,1.63796697799,5.93231764864,9.91750687443,-0.43630017452,0.0546680156228,-3.6256182833
2007,17,135,84.34,59.76,960,80968,17135,1.7641398929,7.34376988673,-0.333555703803,-15.8632778265,-0.0968533535599,7.70301945127
2008,17,135,91.9,67.47,2404,220936,17135,1.70260856677,8.96371828314,12.9016064257,150.416666667,1.72868293647,-3.48789381058
2009,17,135,97.52,79.91,728,70991,17135,1.52546614942,6.11534276387,18.4378242182,-69.7171381032,-0.678680703914,-10.4041774962
2010,17,135,94.77,78.73,608,57619,17135,1.50466785215,-2.81993437244,-1.4766612439,-16.4835164835,-0.18836190503,-1.36340601678
2011,17,135,102.13,100.7,416,42484,17135,1.26775074479,7.76617072913,27.9054998095,-31.5789473684,-0.262673770805,-15.7454754568
2012,17,135,2.9,79.43,508,1472,17135,0.0456376683873,-97.160481739,-21.1221449851,22.1153846154,-0.965351661802,-96.4001071524
2013,17,135,94.62,79.23,416,39363,17135,1.4928057554,3162.75862069,-0.251794032481,-18.1102362205,25.7411684783,3170.99479037
2014,17,135,91.61,86.65,290,26568,17135,1.32155222158,-3.18114563517,9.36513946737,-30.2884615385,-0.32505144425,-11.47192347
