year,state,county,loan_average_app,income_average_app,count_app,value_app,fips,income_multiple,loan_avg_app_delta,income_average_app_delta,count_app_delta,value_app_delta,income_mult_delta
2000,23,005,109.4,70.59,11176,1222681,23005,1.93724323559,,,,,
2001,23,005,130.69,79.86,19920,2603352,23005,2.04561106937,19.4606946984,13.1321716957,78.2390837509,1.12921604245,5.59391984419
2002,23,005,144.23,85.33,26537,3827378,23005,2.11282667292,10.3603948275,6.84948660155,33.2178714859,0.470173069182,3.28584473128
2003,23,005,153.79,85.25,38444,5912380,23005,2.25498533724,6.62830201761,-0.0937536622524,44.8694275917,0.544759885227,6.7283637673
2004,23,005,170.31,86.76,25502,4343187,23005,2.45375172891,10.7419208011,1.77126099707,-33.6645510353,-0.265408008281,8.81453144644
2005,23,005,180.15,89.09,26169,4714456,23005,2.52764058817,5.77769948917,2.68556938681,2.61548113873,0.0854830795911,3.01126060927
2006,23,005,180.86,94.16,21503,3889054,23005,2.4009664401,0.394116014432,5.69087439668,-17.8302571745,-0.175078948663,-5.01155696978
2007,23,005,195.78,99.98,18664,3654051,23005,2.44773954791,8.24947473184,6.18096856415,-13.2028089104,-0.0604267773088,1.9480950265
2008,23,005,206.33,102.23,49120,10134940,23005,2.52286510809,5.38870160384,2.25045009002,163.180454351,1.77361755487,3.06918112445
2009,23,005,207.7,110.24,17137,3559405,23005,2.35508889695,0.663984878593,7.83527340311,-65.111970684,-0.648798611536,-6.65022519831
2010,23,005,209.46,116.77,15947,3340231,23005,2.24222831207,0.84737602311,5.92343976778,-6.9440392134,-0.0615760218351,-4.79220062698
2011,23,005,208.62,117.45,13575,2832037,23005,2.22030651341,-0.401031223145,0.5823413548,-14.8742710228,-0.152143369725,-0.977679147949
2012,23,005,2.91,116.43,17004,49566,23005,0.0312419479516,-98.6051193558,-0.868454661558,25.2596685083,-0.982498110018,-98.5928993244
2013,23,005,209.93,115.87,14578,3060382,23005,2.26471476655,7114.08934708,-0.48097569355,-14.2672312397,60.7435742243,7148.95505895
2014,23,005,217.19,119.53,8768,1904297,23005,2.27129172593,3.45829562235,3.15871235005,-39.8545753876,-0.377758397481,0.290410054059
