year,state,county,loan_average_app,income_average_app,count_app,value_app,fips,income_multiple,loan_avg_app_delta,income_average_app_delta,count_app_delta,value_app_delta,income_mult_delta
2000,16,049,78.83,52.74,380,29957,16049,1.86836367084,,,,,
2001,16,049,86.31,54.41,526,45400,16049,1.98286160632,9.48877330965,3.16647705726,38.4210526316,0.515505557966,6.12824672581
2002,16,049,90.33,55.44,607,54829,16049,2.03666125541,4.65762947515,1.89303436868,15.3992395437,0.20768722467,2.71323267934
2003,16,049,89.71,58.6,1049,94101,16049,1.91360921502,-0.686372190856,5.69985569986,72.8171334432,0.716263291324,-6.0418510966
2004,16,049,99.63,57.28,695,69243,16049,2.17418819832,11.0578530822,-2.25255972696,-33.7464251668,-0.264162973826,13.6171471825
2005,16,049,103.74,64.68,743,77080,16049,2.00487012987,4.12526347486,12.9189944134,6.90647482014,0.113181115781,-7.78764545702
2006,16,049,116.12,73.27,653,75824,16049,1.98102907056,11.9336803547,13.2807668522,-12.1130551817,-0.0162947586923,-1.18915729024
2007,16,049,144.59,71.96,664,96005,16049,2.51163841023,24.5177402687,-1.7879077385,1.68453292496,0.266155834564,26.7845307044
2008,16,049,153.53,76.14,1860,285572,16049,2.52052140793,6.18300020748,5.80878265703,180.120481928,1.97455340868,0.35367342961
2009,16,049,163.36,79.14,482,78740,16049,2.5802375537,6.40265746108,3.94011032309,-74.0860215054,-0.724272687799,2.36919811836
2010,16,049,155.18,81.14,388,60208,16049,2.39062114863,-5.00734573947,2.52716704574,-19.5020746888,-0.235356870714,-7.34879642373
2011,16,049,144.23,75.16,354,51058,16049,2.39871607238,-7.05632169094,-7.36997781612,-8.76288659794,-0.151973159713,0.338611734928
2012,16,049,2.95,71.24,466,1374,16049,0.051761650758,-97.9546557582,-5.21554018095,31.6384180791,-0.97308942771,-97.8421101458
2013,16,049,146.35,71.16,470,68785,16049,2.57079117482,4861.01694915,-0.112296462661,0.858369098712,49.0618631732,4866.59425882
2014,16,049,133.97,78.67,249,33359,16049,2.12867039532,-8.4591732149,10.5536818437,-47.0212765957,-0.515025078142,-17.1978488111
