year,state,county,loan_average_app,income_average_app,count_app,value_app,fips,income_multiple,loan_avg_app_delta,income_average_app_delta,count_app_delta,value_app_delta,income_mult_delta
2000,29,091,53.08,40.67,1312,69644,29091,1.6314236538,,,,,
2001,29,091,63.83,44.21,1578,100728,29091,1.80473874689,20.2524491334,8.7042045734,20.2743902439,0.446327034633,10.6235491123
2002,29,091,72.78,55.48,1478,107565,29091,1.63978010094,14.0216199279,25.4919701425,-6.3371356147,0.0678758637122,-9.14030611006
2003,29,091,80.35,50.69,1892,152017,29091,1.98140658907,10.4012091234,-8.63374188897,28.0108254398,0.413257100358,20.8336769021
2004,29,091,76.91,48.07,1567,120524,29091,1.99994799251,-4.28126944617,-5.16867232196,-17.177589852,-0.207167619411,0.935769747732
2005,29,091,84.71,48.88,1652,139937,29091,2.16627454992,10.1417240931,1.68504264614,5.42437779196,0.161071653779,8.31654413165
2006,29,091,87.41,53.47,1616,141262,29091,2.04343557135,3.18734505962,9.39034369885,-2.17917675545,0.00946854656024,-5.67051755164
2007,29,091,94.76,59.75,1573,149065,29091,1.98242677824,8.40864889601,11.7449036843,-2.66089108911,0.0552377851085,-2.9855990549
2008,29,091,110.03,59.85,3024,332716,29091,2.29803675856,16.1143942592,0.167364016736,92.2441195168,1.23201958877,15.9203852462
2009,29,091,113.41,62.35,648,73492,29091,2.27365677626,3.07188948469,4.17710944027,-78.5714285714,-0.779114920833,-1.06090480099
2010,29,091,111.64,65.83,725,80939,29091,2.11985416983,-1.56070893219,5.58139534884,11.8827160494,0.101330757089,-6.76454810758
2011,29,091,106.51,60.86,662,70511,29091,2.18760269471,-4.59512719455,-7.5497493544,-8.68965517241,-0.128837766713,3.19590497507
2012,29,091,2.96,62.83,747,2210,29091,0.0588890657329,-97.2209182236,3.23693723299,12.8398791541,-0.968657372609,-97.3080548001
2013,29,091,102.04,59.04,667,68060,29091,2.160399729,3347.2972973,-6.0321502467,-10.7095046854,29.7963800905,3568.59229656
2014,29,091,91.91,58.67,446,40992,29091,1.95819839782,-9.92747941984,-0.626693766938,-33.1334332834,-0.39770790479,-9.35944068429
