year,state,county,loan_average_app,income_average_app,count_app,value_app,fips,income_multiple,loan_avg_app_delta,income_average_app_delta,count_app_delta,value_app_delta,income_mult_delta
2000,38,103,43.84,44.51,43,1885,38103,1.23118400359,,,,,
2001,38,103,50.48,51.78,60,3029,38103,1.21861722673,15.1459854015,16.3334082229,39.5348837209,0.606896551724,-1.02070663926
2002,38,103,56.76,53.21,67,3803,38103,1.3333959782,12.440570523,2.76168404789,11.6666666667,0.255529877847,9.41876981169
2003,38,103,55.13,52.27,86,4741,38103,1.31839487278,-2.87174066244,-1.76658522834,28.3582089552,0.246647383644,-1.12503004875
2004,38,103,58.84,54.36,77,4531,38103,1.35301692421,6.72954834029,3.99846948536,-10.4651162791,-0.0442944526471,2.62607600712
2005,38,103,61.47,46.11,73,4487,38103,1.6663955758,4.46974847043,-15.1766004415,-5.19480519481,-0.00971088060031,23.161473148
2006,38,103,64.47,50.21,87,5609,38103,1.60500896236,4.88042947779,8.89178052483,19.1780821918,0.250055716514,-3.68379599241
2007,38,103,64.05,58.2,79,5060,38103,1.3756443299,-0.651465798046,15.9131647082,-9.19540229885,-0.0978784096987,-14.2905515072
2008,38,103,63.06,56.37,248,15640,38103,1.39835018627,-1.54566744731,-3.14432989691,213.924050633,2.09090909091,1.65056154988
2009,38,103,88.14,76.46,57,5024,38103,1.44094951609,39.7716460514,35.6395245698,-77.0161290323,-0.678772378517,3.0463992665
2010,38,103,85.19,64.98,47,4004,38103,1.63877346876,-3.34694803721,-15.0143866074,-17.5438596491,-0.203025477707,13.7287219618
2011,38,103,95.07,78.12,41,3898,38103,1.52121735791,11.5976053527,20.2216066482,-12.7659574468,-0.0264735264735,-7.1734204324
2012,38,103,2.8,70.93,44,123,38103,0.0493444240801,-97.054801725,-9.2037890425,7.31707317073,-0.968445356593,-96.756254205
2013,38,103,100.2,88.2,46,4609,38103,1.42006802721,3478.57142857,24.3479486818,4.54545454545,36.4715447154,2777.86929057
2014,38,103,88.81,67.63,54,4796,38103,1.64146828331,-11.3672654691,-23.3219954649,17.3913043478,0.0405727923628,15.5908204292
