year,state,county,loan_average_app,income_average_app,count_app,value_app,fips,income_multiple,loan_avg_app_delta,income_average_app_delta,count_app_delta,value_app_delta,income_mult_delta
2000,12,099,124.73,92.85,62526,7798578,12099,1.67918686053,,,,,
2001,12,099,137.97,98.42,100218,13826888,12099,1.75231152205,10.614928245,5.99892299408,60.282122637,0.773001180472,4.35476618115
2002,12,099,151.95,100.17,130359,19808520,12099,1.89615154238,10.1326375299,1.77809388336,30.0754355505,0.43260869691,8.20858725859
2003,12,099,165.7,104.4,175811,29132571,12099,1.9839559387,9.04902928595,4.22282120395,34.8667909389,0.470709119106,4.63066344419
2004,12,099,192.18,109.11,146199,28096778,12099,2.20167720649,15.9806879903,4.51149425287,-16.8430871788,-0.0355544658245,10.9740979396
2005,12,099,224.95,124.89,174649,39287164,12099,2.25148130355,17.0517223436,14.4624690679,19.4597774267,0.39828004478,2.26209804559
2006,12,099,242.6,139.54,151035,36640664,12099,2.17321198223,7.84618804179,11.730322684,-13.520833214,-0.0673629687294,-3.47634782472
2007,12,099,262.92,145.87,105786,27813463,12099,2.253033523,8.3759274526,4.53633366777,-29.9592809614,-0.240912691975,3.67297536666
2008,12,099,257.69,153.11,173540,44719668,12099,2.10379792306,-1.9891982352,4.96332350723,64.0481727261,0.607842504186,-6.62376295846
2009,12,099,248.97,166.49,35099,8738445,12099,1.8692564118,-3.38391090069,8.73881523088,-79.7746917137,-0.804595038586,-11.1484809779
2010,12,099,252.46,170.45,30485,7696186,12099,1.85142270461,1.40177531429,2.37852123251,-13.1456736659,-0.119272822567,-0.95405355191
2011,12,099,253.41,178.35,29334,7433465,12099,1.77607232969,0.376297235206,4.63479026107,-3.77562735772,-0.0341365190498,-4.06986339366
2012,12,099,2.89,155.09,49156,141982,12099,0.0232929266877,-98.8595556608,-13.041771797,67.5734642394,-0.980899620836,-98.6885147469
2013,12,099,242.02,156.66,49125,11889034,12099,1.93109281246,8274.39446367,1.01231542975,-0.0630645292538,82.7362059979,8190.46876912
2014,12,099,274.15,165.66,34344,9415540,12099,2.06861946155,13.2757623337,5.74492531597,-30.0885496183,-0.20804835784,7.12170063501
