year,state,county,loan_average_app,income_average_app,count_app,value_app,fips,income_multiple,loan_avg_app_delta,income_average_app_delta,count_app_delta,value_app_delta,income_mult_delta
2000,45,029,57.37,43.68,2704,155129,45029,1.64176968864,,,,,
2001,45,029,74.49,51.87,2668,198749,45029,1.79511278195,29.8413805125,18.75,-1.33136094675,0.281185336075,9.34010990523
2002,45,029,85.3,60.46,2575,219638,45029,1.76356268607,14.5120150356,16.5606323501,-3.48575712144,0.10510241561,-1.75755507947
2003,45,029,102.88,74.76,2895,297842,45029,1.72017121455,20.6096131301,23.6520013232,12.427184466,0.356058605524,-2.46044395602
2004,45,029,102.1,71.08,2476,252793,45029,1.79551209904,-0.758164852255,-4.92241840556,-14.4732297064,-0.1512513346,4.37984799726
2005,45,029,117.98,82.45,2418,285275,45029,1.78865979381,15.5533790402,15.9960607766,-2.34248788368,0.128492481991,-0.38163514646
2006,45,029,133.91,85.91,2290,306665,45029,1.94840530788,13.5022885235,4.1964827168,-5.29363110008,0.0749802821839,8.93101721291
2007,45,029,132.82,81.94,2066,274414,45029,2.02617769099,-0.813979538496,-4.62111512047,-9.78165938865,-0.105166875907,3.99159162616
2008,45,029,145.69,98.46,4644,676588,45029,1.84960897827,9.68980575215,20.161093483,124.782187803,1.46557391387,-8.71437453452
2009,45,029,163.53,100.83,1099,179716,45029,2.02729842309,12.2451781179,2.40706886045,-76.3350559862,-0.734378972137,9.60686539215
2010,45,029,160.61,108.17,972,156116,45029,1.8559905704,-1.78560508775,7.27957949023,-11.5559599636,-0.13131830221,-8.45005603215
2011,45,029,145.86,99.64,999,145717,45029,1.82983741469,-9.18373700268,-7.88573541647,2.77777777778,-0.0666107253581,-1.40912115194
2012,45,029,2.97,95.47,1188,3532,45029,0.0388865612234,-97.963800905,-4.18506623846,18.9189189189,-0.97576123582,-97.8748624926
2013,45,029,127.66,91.63,1206,153963,45029,1.74151478773,4198.31649832,-4.02220592856,1.51515151515,42.5908833522,4378.44893697
2014,45,029,128.11,87.45,836,107100,45029,1.831189251,0.352498825004,-4.56182472989,-30.679933665,-0.304378324662,5.14922203928
