year,state,county,loan_average_app,income_average_app,count_app,value_app,fips,income_multiple,loan_avg_app_delta,income_average_app_delta,count_app_delta,value_app_delta,income_mult_delta
2000,47,039,47.18,42.38,328,15476,47039,1.3915762152,,,,,
2001,47,039,60.95,46.73,448,27305,47039,1.63037663171,29.1860958033,10.2642756017,36.5853658537,0.764344791936,17.1604267097
2002,47,039,66.56,51.37,441,29351,47039,1.61962234767,9.20426579163,9.92938155361,-1.5625,0.074931331258,-0.659619613724
2003,47,039,76.07,68.21,507,38567,47039,1.39404046328,14.2878605769,32.7817792486,14.9659863946,0.313992708937,-13.9280545692
2004,47,039,77.69,53.12,446,34648,47039,1.82817206325,2.1296174576,-22.1228558862,-12.0315581854,-0.101615370654,31.1419654891
2005,47,039,79.89,58.74,555,44340,47039,1.70007660878,2.83176728022,10.5798192771,24.4394618834,0.279727545601,-7.00675046093
2006,47,039,76.12,60.27,559,42550,47039,1.5787290526,-4.71898860934,2.60469867211,0.720720720721,-0.0403698691926,-7.13776988406
2007,47,039,92.28,68.8,434,40051,47039,1.67659883721,21.2296374146,14.1529782645,-22.3613595707,-0.0587309048179,6.19927684562
2008,47,039,93.35,78.82,1424,132924,47039,1.48043009388,1.15951452102,14.5639534884,228.110599078,2.31886844274,-11.7003983881
2009,47,039,117.28,87.1,284,33307,47039,1.6831228473,25.6347080878,10.5049479827,-80.0561797753,-0.749428244711,13.6914775142
2010,47,039,119.99,89.14,195,23399,47039,1.68260601301,2.31070941337,2.34213547646,-31.338028169,-0.297475005254,-0.030706866676
2011,47,039,109.52,82.35,282,30886,47039,1.66241651488,-8.72572714393,-7.61723132152,44.6153846154,0.319970938929,-1.19989456721
2012,47,039,2.95,75.75,311,919,47039,0.0486798679868,-97.3064280497,-8.014571949,10.2836879433,-0.970245418636,-97.0717405926
2013,47,039,107.37,76.82,281,30170,47039,1.74710361885,3539.66101695,1.41254125413,-9.6463022508,31.8291621328,3488.96540008
2014,47,039,92.59,74.58,226,20925,47039,1.55185706624,-13.7654838409,-2.9159073158,-19.5729537367,-0.306430228704,-11.1754420577
