year,state,county,loan_average_app,income_average_app,count_app,value_app,fips,income_multiple,loan_avg_app_delta,income_average_app_delta,count_app_delta,value_app_delta,income_mult_delta
2000,28,067,48.96,42.3,3020,147870,28067,1.44680851064,,,,,
2001,28,067,56.39,47.51,3383,190782,28067,1.48363502421,15.1756535948,12.31678487,12.0198675497,0.2902008521,2.54536196714
2002,28,067,62.66,49.17,3122,195618,28067,1.59294285133,11.1189927292,3.49400126289,-7.71504581732,0.0253483032991,7.36756852887
2003,28,067,70.56,59.45,3788,267284,28067,1.48359966358,12.607724226,20.9070571487,21.33247918,0.366356879224,-6.86422539627
2004,28,067,68.05,56.19,3318,225795,28067,1.51383698167,-3.55725623583,-5.48359966358,-12.4076029567,-0.155224405501,2.03810494359
2005,28,067,75.15,52.88,2710,203656,28067,1.77642776097,10.4335047759,-5.89072788752,-18.324291742,-0.098049115348,17.3460407216
2006,28,067,81.69,58.75,2557,208893,28067,1.73808510638,8.70259481038,11.1006051437,-5.64575645756,0.0257149310602,-2.15841338599
2007,28,067,91.72,68.05,2403,220392,28067,1.68479059515,12.2781246175,15.829787234,-6.02268283144,0.0550473208772,-3.06627742431
2008,28,067,91.89,72.67,7228,664148,28067,1.58060410073,0.18534670737,6.78912564291,200.790678319,2.01348506298,-6.18394325806
2009,28,067,95.47,79.88,1829,174621,28067,1.49395968953,3.89596256394,9.92156323104,-74.6956281129,-0.737075169992,-5.48172759738
2010,28,067,90.79,75.9,1420,128924,28067,1.49522397892,-4.90206347544,-4.98247371057,-22.3619464188,-0.261692465396,0.0846267402117
2011,28,067,86.65,77.52,1510,130834,28067,1.39722007224,-4.55997356537,2.13438735178,6.33802816901,0.014814929726,-6.55446328188
2012,28,067,2.95,76.25,1690,4982,28067,0.0483606557377,-96.5954991344,-1.6382868937,11.9205298013,-0.96192121314,-96.538794661
2013,28,067,93.34,79.64,1691,157841,28067,1.46503013561,3064.06779661,4.44590163934,0.0591715976331,30.682256122,2929.38434821
2014,28,067,93.64,77.19,1351,126510,28067,1.51638813318,0.321405613885,-3.07634354596,-20.10644589,-0.198497221888,3.50559325158
