year,state,county,loan_average_app,income_average_app,count_app,value_app,fips,income_multiple,loan_avg_app_delta,income_average_app_delta,count_app_delta,value_app_delta,income_mult_delta
2000,20,173,68.3,55.77,21388,1460882,20173,1.53084095392,,,,,
2001,20,173,82.8,62.62,29076,2407494,20173,1.65282657298,21.2298682284,12.2825892057,35.9453899383,0.647972936897,7.96853642763
2002,20,173,88.44,67.32,31376,2774841,20173,1.64215686275,6.8115942029,7.5055892686,7.91030403082,0.15258480395,-0.645543241451
2003,20,173,94.88,70.75,39923,3788046,20173,1.67632508834,7.28177295341,5.09506833036,27.2405660377,0.365139840445,2.08069194663
2004,20,173,93.86,66.07,31862,2990670,20173,1.77576812472,-1.07504215852,-6.6148409894,-20.1913683841,-0.210497971778,5.93220474171
2005,20,173,95.44,67.29,33131,3162129,20173,1.77292316838,1.68335819305,1.84652641138,3.98280082857,0.0573313003441,-0.160209900207
2006,20,173,97.63,71.54,30796,3006487,20173,1.70586385239,2.29463537301,6.31594590578,-7.04778002475,-0.0492206358438,-3.78241523274
2007,20,173,107.52,76.45,26967,2899614,20173,1.7580117724,10.1300829663,6.86329326251,-12.4334329134,-0.0355474678587,3.05698018848
2008,20,173,270.94,85.57,66592,18042388,20173,3.95787074909,151.990327381,11.9293655984,146.938851188,5.22234131853,125.133347298
2009,20,173,133.94,93.42,16685,2234816,20173,1.7921751231,-50.5647006717,9.17377585602,-74.9444377703,-0.876135243295,-54.7187051646
2010,20,173,133.28,93.6,16179,2156330,20173,1.77991452991,-0.492757951321,0.19267822736,-3.03266406952,-0.0351196698073,-0.684118032184
2011,20,173,130.54,95.18,12156,1586835,20173,1.7143832738,-2.05582232893,1.68803418803,-24.8655664751,-0.264103824554,-3.68170802677
2012,20,173,2.84,98.13,15194,43103,20173,0.0361765005605,-97.8244216332,3.09939062828,24.9917736097,-0.972837125473,-97.8898242235
2013,20,173,128.94,91.94,14314,1845685,20173,1.75304546443,4440.14084507,-6.30795883012,-5.79175990523,41.8203373315,4745.81271619
2014,20,173,131.47,94.15,9952,1308409,20173,1.74548592671,1.96215293935,2.40374157059,-30.4736621489,-0.291098426871,-0.431223141328
