year,state,county,loan_average_app,income_average_app,count_app,value_app,fips,income_multiple,loan_avg_app_delta,income_average_app_delta,count_app_delta,value_app_delta,income_mult_delta
2000,20,003,50.91,45.64,216,10997,20003,1.39433610868,,,,,
2001,20,003,65.4,52.11,261,17069,20003,1.56879677605,28.4619917501,14.1761612621,20.8333333333,0.552150586524,12.5120956338
2002,20,003,71.51,55.36,335,23955,20003,1.61465859827,9.34250764526,6.23680675494,28.3524904215,0.403421407229,2.92337560322
2003,20,003,78.55,54.21,479,37624,20003,1.81124331304,9.84477695427,-2.07731213873,42.9850746269,0.570611563348,12.175001885
2004,20,003,76.57,55.88,433,33155,20003,1.71282211883,-2.52068746022,3.08061243313,-9.60334029228,-0.118780565596,-5.4339024198
2005,20,003,82.79,58.35,485,40155,20003,1.7735646958,8.1232858822,4.4201861131,12.0092378753,0.211129543055,3.54634473174
2006,20,003,78.42,63.46,377,29565,20003,1.54467381027,-5.27841526754,8.75749785775,-22.2680412371,-0.263728053792,-12.905696988
2007,20,003,85.49,67.61,322,27528,20003,1.58057240053,9.0155572558,6.539552474,-14.5888594164,-0.0688990360223,2.32402401203
2008,20,003,101.06,69.08,688,69528,20003,1.82867689635,18.212656451,2.17423458068,113.664596273,1.52571926765,15.6971294536
2009,20,003,107.78,82.91,143,15413,20003,1.62495477023,6.64951513952,20.0202663578,-79.2151162791,-0.778319525946,-11.1404112189
2010,20,003,104.94,76.98,185,19413,20003,1.70401402962,-2.63499721655,-7.15233385599,29.3706293706,0.259521183417,4.86532061283
2011,20,003,83.24,66.4,166,13818,20003,1.56701807229,-20.6784829426,-13.7438295661,-10.2702702703,-0.288208932159,-8.03960266452
2012,20,003,2.97,66.87,172,511,20003,0.0555181695828,-96.4320038443,0.707831325301,3.61445783133,-0.963019250253,-96.4570817297
2013,20,003,91.98,83.77,193,17753,20003,1.37250805778,2996.96969697,25.2729176013,12.2093023256,33.7416829746,2372.17815013
2014,20,003,104.79,81.6,78,8174,20003,1.60523897059,13.9269406393,-2.59042616689,-59.585492228,-0.53957077677,16.9566154087
