year,state,county,loan_average_app,income_average_app,count_app,value_app,fips,income_multiple,loan_avg_app_delta,income_average_app_delta,count_app_delta,value_app_delta,income_mult_delta
2000,55,121,65.82,47.53,556,36597,55121,1.73101199243,,,,,
2001,55,121,78.31,53.74,1222,95698,55121,1.82150167473,18.9759951383,13.0654323585,119.784172662,1.61491379075,5.22755952589
2002,55,121,86.69,57.03,1380,119634,55121,1.90009644047,10.7010598902,6.12206922218,12.9296235679,0.250120169701,4.31483357002
2003,55,121,92.45,58.03,1888,174544,55121,1.99142684818,6.64436497866,1.7534630896,36.8115942029,0.458983232192,4.80661958871
2004,55,121,99.61,60.01,1170,116540,55121,2.07486252291,7.74472687939,3.41202826124,-38.0296610169,-0.332317352645,4.18974338962
2005,55,121,107.85,70.66,1230,132651,55121,1.90790404755,8.2722618211,17.7470421596,5.12820512821,0.138244379612,-8.04672471152
2006,55,121,120.25,66.02,1336,160660,55121,2.27677219025,11.4974501623,-6.56665723181,8.61788617886,0.211148050147,19.3336841634
2007,55,121,113.54,63.33,1156,131256,55121,2.24103900205,-5.58004158004,-4.07452287186,-13.4730538922,-0.183020042325,-1.56946700007
2008,55,121,122.67,68.21,3676,450940,55121,2.24802081806,8.04121895367,7.70566871941,217.993079585,2.43557627842,0.311543708197
2009,55,121,136.22,101.31,685,93313,55121,1.68073240549,11.045895492,48.5266090016,-81.3656147987,-0.79307003149,-25.2350159756
2010,55,121,125.34,86.02,725,90868,55121,1.82137874913,-7.98707972398,-15.0922909881,5.83941605839,-0.0262021368941,8.3681580233
2011,55,121,139.77,86.1,543,75893,55121,2.02918118467,11.5126854955,0.0930016275285,-25.1034482759,-0.164799489369,11.4090732441
2012,55,121,2.88,84.6,778,2243,55121,0.0425531914894,-97.9394719897,-1.74216027875,43.2780847145,-0.970445232103,-97.9029378051
2013,55,121,127.26,77.8,640,81444,55121,2.04466580977,4318.75,-8.0378250591,-17.7377892031,35.3102987071,4704.96465296
2014,55,121,128.95,77.96,455,58674,55121,2.06756670087,1.32798994185,0.205655526992,-28.90625,-0.279578606159,1.12003100918
