year,state,county,loan_average_app,income_average_app,count_app,value_app,fips,income_multiple,loan_avg_app_delta,income_average_app_delta,count_app_delta,value_app_delta,income_mult_delta
2000,12,097,85.5,63.26,13242,1132199,12097,1.68945621246,,,,,
2001,12,097,97.25,65.67,17879,1738713,12097,1.8511116187,13.7426900585,3.80967435979,35.0173689775,0.535695580017,9.56848748438
2002,12,097,106.77,72.41,21131,2256172,12097,1.84315011739,9.78920308483,10.2634384041,18.1889367414,0.297610358926,-0.430092990181
2003,12,097,117.49,72.1,29691,3488412,12097,2.03692787795,10.0402734851,-0.428117663306,40.5092044863,0.546164033593,10.5134008745
2004,12,097,134.2,81.2,33332,4473101,12097,2.06588669951,14.2224870202,12.6213592233,12.2629753124,0.282274284116,1.42169106101
2005,12,097,163.22,89.59,51260,8366682,12097,2.2773188972,21.6244411326,10.3325123153,53.7861514461,0.870443345679,10.2344527288
2006,12,097,189.97,106.3,49648,9431819,12097,2.23388993415,16.3889229261,18.6516352271,-3.14475224346,0.127306977844,-1.90702159031
2007,12,097,213.66,118.49,34920,7461092,12097,2.25398767829,12.4703900616,11.4675446849,-29.664840477,-0.208944531272,0.899674770418
2008,12,097,197.49,112.23,45572,9000228,12097,2.1996124031,-7.56809884864,-5.28314625707,30.5040091638,0.206288302034,-2.41240339103
2009,12,097,150.25,98.77,6191,930215,12097,1.9015136175,-23.9201984911,-11.9932281921,-86.4149038884,-0.896645396094,-13.5523324557
2010,12,097,139.03,101.32,4698,653149,12097,1.71523391236,-7.46755407654,2.5817555938,-24.1156517525,-0.297851571948,-9.7963908028
2011,12,097,130.59,101.63,4429,578371,12097,1.60619403719,-6.07063223765,0.305961310699,-5.72584078331,-0.11448842454,-6.35714314984
2012,12,097,2.85,99.83,8429,23992,12097,0.0356856656316,-97.8175970595,-1.77113057168,90.3138405961,-0.958517975486,-97.7782469113
2013,12,097,150.47,98.11,9262,1393650,12097,1.91710834777,5179.64912281,-1.72292897926,9.882548345,57.0881127042,5272.20845918
2014,12,097,166.12,102.32,6772,1124969,12097,2.02941751368,10.4007443344,4.29110182448,-26.8840423235,-0.192789437807,5.85825866546
