year,state,county,loan_average_app,income_average_app,count_app,value_app,fips,income_multiple,loan_avg_app_delta,income_average_app_delta,count_app_delta,value_app_delta,income_mult_delta
2000,48,309,67.8,57.79,5971,404835,48309,1.46651669839,,,,,
2001,48,309,73.93,66.71,7508,555033,48309,1.38528706341,9.0412979351,15.4351964008,25.7410818958,0.371010411649,-5.53895056709
2002,48,309,84.3,75.11,7960,671044,48309,1.40294235122,14.0267820912,12.59181532,6.02024507192,0.209016400827,1.27448586476
2003,48,309,90.4,77.37,11927,1078182,48309,1.46051441127,7.23606168446,3.0089202503,49.8366834171,0.606723255107,4.1036654145
2004,48,309,88.29,76.09,10795,953120,48309,1.45042055461,-2.33407079646,-1.65438800569,-9.49107067997,-0.115993403711,-0.691116539915
2005,48,309,92.29,76.22,11570,1067849,48309,1.5135463133,4.5305244082,0.170850308845,7.17924965262,0.120372041296,4.3522382868
2006,48,309,95.25,78.81,10443,994733,48309,1.51075371146,3.2072813956,3.39805825243,-9.74070872947,-0.068470354891,-0.184507194865
2007,48,309,103.89,85.05,8712,905067,48309,1.52689594356,9.07086614173,7.91777693186,-16.5756966389,-0.0901407714432,1.06848866114
2008,48,309,112.74,89.56,20120,2268304,48309,1.57352612774,8.51862546925,5.30276308054,130.945821855,1.50622771574,3.05392023403
2009,48,309,127.58,95.12,4891,623988,48309,1.67656644239,13.1630299805,6.20812862885,-75.6908548708,-0.724909888622,6.54837011199
2010,48,309,135.75,97.41,4598,624166,48309,1.74199260856,6.40382505095,2.40748528175,-5.99059497035,0.000285261896062,3.90239029716
2011,48,309,132.14,97.66,4480,591978,48309,1.69132705304,-2.65930018416,0.256647161482,-2.56633318834,-0.0515696144936,-2.90848280708
2012,48,309,2.88,99.44,5338,15372,48309,0.0362027353178,-97.8204934161,1.82265001024,19.1517857143,-0.974032818787,-97.85950711
2013,48,309,130.71,99.6,5403,706222,48309,1.64043674699,4438.54166667,0.160901045857,1.21768452604,44.9421025241,4431.25083668
2014,48,309,134.84,106.72,4057,547054,48309,1.57936656672,3.15966643715,7.14859437751,-24.9120858782,-0.225379554871,-3.72280006428
