year,state,county,loan_average_app,income_average_app,count_app,value_app,fips,income_multiple,loan_avg_app_delta,income_average_app_delta,count_app_delta,value_app_delta,income_mult_delta
2000,27,027,63.57,55.41,1599,101655,27027,1.43408229561,,,,,
2001,27,027,73.6,58.18,2635,193946,27027,1.58129941561,15.777882649,4.99909763581,64.7904940588,0.907884511337,10.2655977584
2002,27,027,83.89,63.51,3182,266944,27027,1.65111793418,13.9809782609,9.16122378824,20.7590132827,0.37638311695,4.41526240305
2003,27,027,93.38,66.17,4598,429340,27027,1.7640169261,11.3124329479,4.1883168005,44.5003142678,0.608352313594,6.83773033885
2004,27,027,97.51,64.28,3351,326747,27027,1.89619632856,4.4227886057,-2.85627928064,-27.1204871683,-0.238955140448,7.49309150652
2005,27,027,103.92,67.55,3649,379197,27027,1.9230199852,6.57368475028,5.08711885501,8.89286780066,0.160521749243,1.41460334194
2006,27,027,100.42,67.76,3504,351868,27027,1.85249409681,-3.36797536567,0.310880829016,-3.97369142231,-0.0720707178591,-3.66745478085
2007,27,027,112.63,74.32,3029,341153,27027,1.89434203445,12.1589324836,9.68122786305,-13.5559360731,-0.0304517603192,2.25900518147
2008,27,027,124.36,78.28,7904,982964,27027,1.98582013286,10.4146319808,5.32831001076,160.944206009,1.88129959285,4.82901697515
2009,27,027,131.16,87.55,2719,356614,27027,1.87264420331,5.46799614024,11.8421052632,-65.5996963563,-0.637205431735,-5.69920345108
2010,27,027,129.19,82.95,2382,307729,27027,1.9468053044,-1.50198231168,-5.25414049115,-12.3942625965,-0.137080989529,3.96023446187
2011,27,027,124.22,85.04,1940,240996,27027,1.82590545626,-3.84704698506,2.51959011453,-18.5558354324,-0.216856389876,-6.21016636184
2012,27,027,2.82,88.2,2555,7195,27027,0.0399659863946,-97.7298341652,3.71589840075,31.7010309278,-0.970144732693,-97.8111689049
2013,27,027,136.48,85.63,2197,299842,27027,1.99229242088,4739.71631206,-2.91383219955,-14.011741683,40.6736622655,4884.96997225
2014,27,027,148.82,95.74,1381,205524,27027,1.94302277,9.04161781946,11.806609833,-37.1415566682,-0.314559001074,-2.47301301566
