year,state,county,loan_average_app,income_average_app,count_app,value_app,fips,income_multiple,loan_avg_app_delta,income_average_app_delta,count_app_delta,value_app_delta,income_mult_delta
2000,48,449,66.19,44.89,698,46203,48449,1.84311650702,,,,,
2001,48,449,55.11,49.67,695,38304,48449,1.38690356352,-16.7396887747,10.6482512809,-0.429799426934,-0.170962924485,-24.7522574813
2002,48,449,63.82,61.24,754,48119,48449,1.30266165905,15.8047541281,23.2937386753,8.48920863309,0.256239557226,-6.07409964822
2003,48,449,73.37,64.75,1056,77478,48449,1.41640926641,14.9639611407,5.73154800784,40.0530503979,0.610133211413,8.73193791903
2004,48,449,78.65,61.62,1074,84471,48449,1.59546413502,7.1964017991,-4.83397683398,1.70454545455,0.0902578796562,12.6414640781
2005,48,449,83.91,62.87,1133,95073,48449,1.66832352473,6.68785759695,2.02856215514,5.49348230912,0.125510530241,4.56665794694
2006,48,449,79.49,75.91,1116,88707,48449,1.3089513898,-5.26754856394,20.7412120248,-1.50044130627,-0.066959073554,-21.5409139536
2007,48,449,95.33,64.85,1012,96477,48449,1.83750963763,19.9270348472,-14.5698853906,-9.31899641577,0.0875917345869,40.3802808828
2008,48,449,94.82,68.89,2812,266636,48449,1.72049644361,-0.53498374069,6.22976098689,177.865612648,1.76372606943,-6.36803158055
2009,48,449,112.15,94.41,626,70203,48449,1.48487977968,18.2767348661,37.0445637974,-77.7382645804,-0.736708471474,-13.6946905527
2010,48,449,115.3,74.64,466,53729,48449,1.93093515541,2.80873829692,-20.9405783286,-25.5591054313,-0.234662336367,30.0398309568
2011,48,449,130.36,98.64,438,57098,48449,1.65196674777,13.0615784909,32.154340836,-6.00858369099,0.0627035679056,-14.4473213852
2012,48,449,2.98,95.83,520,1552,48449,0.0388709172493,-97.7140227064,-2.84874290349,18.7214611872,-0.97281866265,-97.646991545
2013,48,449,114.93,88.34,521,59878,48449,1.62624518904,3756.7114094,-7.81592403214,0.192307692308,37.581185567,4083.70675076
2014,48,449,117.63,82.47,420,49403,48449,1.7829210622,2.34925606891,-6.64478152592,-19.3857965451,-0.17493904272,9.63420978692
