year,state,county,loan_average_app,income_average_app,count_app,value_app,fips,income_multiple,loan_avg_app_delta,income_average_app_delta,count_app_delta,value_app_delta,income_mult_delta
2000,19,011,66.12,49.85,1029,68036,19011,1.65797392177,,,,,
2001,19,011,78.21,58.85,1583,123811,19011,1.66121495327,18.2849364791,18.0541624875,53.8386783285,0.819786583573,0.195481452584
2002,19,011,84.49,61.12,1640,138567,19011,1.72795320681,8.02966372587,3.8572642311,3.60075805433,0.119181655911,4.01743635908
2003,19,011,93.02,59.77,2323,216097,19011,1.94537393341,10.0958693336,-2.20876963351,41.6463414634,0.559512726695,12.5825587029
2004,19,011,97.14,59.73,1856,180294,19011,2.03289804119,4.42915502043,-0.0669232056216,-20.1033146793,-0.165680226935,4.49908916074
2005,19,011,98.84,59.45,1927,190458,19011,2.07821698907,1.7500514721,-0.468776159384,3.82543103448,0.0563745881727,2.22927795507
2006,19,011,98.84,64.25,1756,173563,19011,1.92295719844,0.0,8.0740117746,-8.87389724961,-0.0887072215397,-7.47081712062
2007,19,011,104.46,66.18,1518,158566,19011,1.97302810517,5.68595710239,3.00389105058,-13.5535307517,-0.086406665015,2.603849257
2008,19,011,110.77,69.41,4408,488268,19011,1.99484944532,6.04058969941,4.8806285887,190.382081686,2.07927298412,1.105982226
2009,19,011,124.18,77.63,1224,151997,19011,1.99954914337,12.1061659294,11.8426739663,-72.2323049002,-0.688701696609,0.235591616126
2010,19,011,133.02,81.58,1162,154569,19011,2.03818337828,7.11869866323,5.08823908283,-5.06535947712,0.0169213866063,1.93214730604
2011,19,011,119.69,81.78,1029,123164,19011,1.82945096601,-10.0210494662,0.245158126992,-11.4457831325,-0.203177868784,-10.2411007026
2012,19,011,2.89,87.89,1161,3357,19011,0.0411025145068,-97.585429025,7.47126436782,12.8279883382,-0.972743658861,-97.7532869002
2013,19,011,117.93,88.84,1159,136678,19011,1.65930324178,3980.62283737,1.08089657526,-0.172265288544,39.7143282693,3936.98718118
2014,19,011,109.89,81.15,778,85497,19011,1.6926987061,-6.81760366319,-8.65601080594,-32.8731665229,-0.374464068833,2.0126197235
