year,state,county,loan_average_app,income_average_app,count_app,value_app,fips,income_multiple,loan_avg_app_delta,income_average_app_delta,count_app_delta,value_app_delta,income_mult_delta
2000,51,087,103.93,68.26,10069,1046497,51087,1.90320099619,,,,,
2001,51,087,120.88,78.9,17485,2113520,51087,1.91508238276,16.3090541711,15.5874597129,73.6518025623,1.01961400749,0.62428438172
2002,51,087,131.48,79.4,23449,3083152,51087,2.06989924433,8.76902713435,0.63371356147,34.1092364884,0.458775880995,8.08408363854
2003,51,087,140.71,83.38,32542,4578997,51087,2.10946869753,7.02007909948,5.01259445844,38.7777730394,0.48516745201,1.91166083592
2004,51,087,141.25,74.82,26921,3802490,51087,2.35983025929,0.383768033544,-10.2662508995,-17.2730625038,-0.169580150413,11.8684653654
2005,51,087,153.01,77.77,31097,4758069,51087,2.45933521924,8.32566371681,3.94279604384,15.512053787,0.251303487978,4.21661513813
2006,51,087,159.89,83.46,30624,4896381,51087,2.39471004074,4.4964381413,7.31644593031,-1.52104704634,0.0290689353181,-2.62774988918
2007,51,087,179.27,84.68,25836,4631720,51087,2.64628601795,12.1208330727,1.46177809729,-15.6347962382,-0.0540523705161,10.5054880521
2008,51,087,199.9,93.16,56096,11213812,51087,2.68221339631,11.5077815585,10.0141709967,117.123393714,1.42109022134,1.35765288082
2009,51,087,209.46,102.48,15745,3297983,51087,2.55488875878,4.7823911956,10.0042936883,-71.9320450656,-0.705899920562,-4.74699879214
2010,51,087,208.75,109.32,12043,2513967,51087,2.38691456275,-0.338966867182,6.67447306792,-23.5122261035,-0.237725907017,-6.5746187756
2011,51,087,200.94,112.89,10973,2204866,51087,2.22495349455,-3.74131736527,3.26564215148,-8.88482936145,-0.122953483479,-6.78537349961
2012,51,087,2.93,113.64,15207,44513,51087,0.032228968673,-98.5418532895,0.664363539729,38.5856192472,-0.979811471536,-98.5514767499
2013,51,087,205.37,107.45,13309,2733209,51087,2.38913448115,6909.21501706,-5.44702569518,-12.4810942329,60.4024891605,7313.00320651
2014,51,087,216.69,108.05,7668,1661580,51087,2.50682554373,5.51200272679,0.558399255468,-42.3848523555,-0.392077224976,4.92609618689
