year,state,county,loan_average_app,income_average_app,count_app,value_app,fips,income_multiple,loan_avg_app_delta,income_average_app_delta,count_app_delta,value_app_delta,income_mult_delta
2000,47,029,49.76,32.91,1606,79907,47029,1.89000303859,,,,,
2001,47,029,61.44,40.59,1461,89767,47029,1.89209164819,23.4726688103,23.3363719234,-9.02864259029,0.12339344488,0.110508266731
2002,47,029,72.3,44.2,1247,90158,47029,2.04468325792,17.67578125,8.89381621089,-14.6475017112,0.00435572092194,8.06470499859
2003,47,029,82.58,54.57,1611,133030,47029,1.89160711013,14.2185338866,23.4615384615,29.1900561347,0.475520752457,-7.48654576165
2004,47,029,81.68,48.42,1590,129870,47029,2.10863279637,-1.08985226447,-11.2699285322,-1.30353817505,-0.023754040442,11.4730847156
2005,47,029,83.48,51.1,1761,147001,47029,2.04207436399,2.20372184133,5.53490293267,10.7547169811,0.131908831909,-3.15647335504
2006,47,029,91.93,57.28,1560,143405,47029,2.00615398045,10.1221849545,12.0939334638,-11.4139693356,-0.024462418623,-1.75901446973
2007,47,029,104.61,60.76,1393,145717,47029,2.15211487821,13.7931034483,6.07541899441,-10.7051282051,0.0161221714724,7.27565776032
2008,47,029,115.13,62.33,3476,400192,47029,2.30888015402,10.0563999618,2.58393680053,149.533381192,1.7463645285,7.28424292759
2009,47,029,107.89,53.69,762,82212,47029,2.5118737195,-6.28854338574,-13.8617038344,-78.0782508631,-0.794568607069,8.79186237227
2010,47,029,106.91,58.35,622,66497,47029,2.29027420737,-0.908332560942,8.67945613708,-18.3727034121,-0.191152143239,-8.82208012334
2011,47,029,91.03,49.63,659,59989,47029,2.29271609913,-14.8536151903,-14.9443016281,5.94855305466,-0.0978690768005,0.106620061319
2012,47,029,2.96,55.62,723,2139,47029,0.0665228335131,-96.7483247281,12.0693129156,9.71168437026,-0.964343462968,-97.0985141362
2013,47,029,104.31,60.31,785,81882,47029,2.16195489968,3423.98648649,8.43221862639,8.57538035961,37.2805049088,3149.94409515
2014,47,029,95.32,59.88,570,54335,47029,1.98981295925,-8.61854088774,-0.712982921572,-27.3885350318,-0.336423145502,-7.962328005
